nomenclature,reporter_code,reporter_iso3,reporter_name,product_code,partner_code,partner_iso3,partner_name,year,trade_flow_name,trade_value_in_1000_usd
H5,8,ALB,Albania,180632,0,WLD,World,2024,Gross Exports,60.440147
H5,31,AZE,Azerbaijan,180632,0,WLD,World,2024,Gross Exports,22.344
H5,32,ARG,Argentina,180632,0,WLD,World,2024,Gross Exports,8934.95888
H5,36,AUS,Australia,180632,0,WLD,World,2024,Gross Exports,19816.75235
H5,40,AUT,Austria,180632,0,WLD,World,2024,Gross Exports,360504.0188
H5,51,ARM,Armenia,180632,0,WLD,World,2024,Gross Exports,376.2471
H5,52,BRB,Barbados,180632,0,WLD,World,2024,Gross Exports,90.049
H5,56,BEL,Belgium,180632,0,WLD,World,2024,Gross Exports,310005.9307
H5,68,BOL,Bolivia,180632,0,WLD,World,2024,Gross Exports,83.22693
H5,70,BIH,Bosnia Herzg,180632,0,WLD,World,2024,Gross Exports,3632.536733
H5,76,BRA,Brazil,180632,0,WLD,World,2024,Gross Exports,32915.507
H5,97,EUN,European Union,180632,0,WLD,World,2024,Gross Exports,1837797.928
H5,100,BGR,Bulgaria,180632,0,WLD,World,2024,Gross Exports,122492.2827
H5,124,CAN,Canada,180632,0,WLD,World,2024,Gross Exports,446546.1162
H5,144,LKA,Sri Lanka,180632,0,WLD,World,2024,Gross Exports,9.890908
H5,152,CHL,Chile,180632,0,WLD,World,2024,Gross Exports,2158.40714
H5,156,CHN,China,180632,0,WLD,World,2024,Gross Exports,35166.882
H5,191,HRV,Croatia,180632,0,WLD,World,2024,Gross Exports,97220.46
H5,196,CYP,Cyprus,180632,0,WLD,World,2024,Gross Exports,106.39367
H5,203,CZE,Czech Rep,180632,0,WLD,World,2024,Gross Exports,81185.582
H5,208,DNK,Denmark,180632,0,WLD,World,2024,Gross Exports,22587.77074
H5,214,DOM,Dominican Rp,180632,0,WLD,World,2024,Gross Exports,4732.120591
H5,218,ECU,Ecuador,180632,0,WLD,World,2024,Gross Exports,2264.0049
H5,222,SLV,El Salvador,180632,0,WLD,World,2024,Gross Exports,2436.77933
H5,233,EST,Estonia,180632,0,WLD,World,2024,Gross Exports,5110.43854
H5,246,FIN,Finland,180632,0,WLD,World,2024,Gross Exports,14933.70495
H5,251,FRA,France+Monac,180632,0,WLD,World,2024,Gross Exports,299449.5564
H5,268,GEO,Georgia,180632,0,WLD,World,2024,Gross Exports,1523.821749
H5,276,DEU,Germany,180632,0,WLD,World,2024,Gross Exports,1944113.092
H5,300,GRC,Greece,180632,0,WLD,World,2024,Gross Exports,17987.42494
H5,320,GTM,Guatemala,180632,0,WLD,World,2024,Gross Exports,1018.214
H5,328,GUY,Guyana,180632,0,WLD,World,2024,Gross Exports,0.070983
H5,344,HKG,Hong Kong,180632,0,WLD,World,2024,Gross Exports,13856.67087
H5,348,HUN,Hungary,180632,0,WLD,World,2024,Gross Exports,20559.475
H5,352,ISL,Iceland,180632,0,WLD,World,2024,Gross Exports,900.625141
H5,372,IRL,Ireland,180632,0,WLD,World,2024,Gross Exports,159599.7741
H5,376,ISR,Israel,180632,0,WLD,World,2024,Gross Exports,2741
H5,380,ITA,Italy,180632,0,WLD,World,2024,Gross Exports,156229.5752
H5,392,JPN,Japan,180632,0,WLD,World,2024,Gross Exports,57457.8327
H5,410,KOR,Korea Rep.,180632,0,WLD,World,2024,Gross Exports,6990.132
H5,417,KGZ,Kyrgyzstan,180632,0,WLD,World,2024,Gross Exports,7.238
H5,428,LVA,Latvia,180632,0,WLD,World,2024,Gross Exports,10132.87353
H5,440,LTU,Lithuania,180632,0,WLD,World,2024,Gross Exports,47337.566
H5,442,LUX,Luxemberg,180632,0,WLD,World,2024,Gross Exports,1121.103563
H5,446,MAC,Macau,180632,0,WLD,World,2024,Gross Exports,10.04278
H5,458,MYS,Malaysia,180632,0,WLD,World,2024,Gross Exports,107346.2338
H5,470,MLT,Malta,180632,0,WLD,World,2024,Gross Exports,17.117847
H5,484,MEX,Mexico,180632,0,WLD,World,2024,Gross Exports,155344.33
H5,498,MDA,Rep.Moldova,180632,0,WLD,World,2024,Gross Exports,28.367
H5,499,MNT,Montenegro,180632,0,WLD,World,2024,Gross Exports,420.426801
H5,516,NAM,Namibia,180632,0,WLD,World,2024,Gross Exports,28.304547
H5,528,NLD,Netherlands,180632,0,WLD,World,2024,Gross Exports,225959.3695
H5,554,NZL,New Zealand,180632,0,WLD,World,2024,Gross Exports,68943.15922
H5,579,NOR,"Norway,Sb,JM",180632,0,WLD,World,2024,Gross Exports,10103.15537
H5,586,PAK,Pakistan,180632,0,WLD,World,2024,Gross Exports,212.335701
H5,591,PAN,Panama,180632,0,WLD,World,2024,Gross Exports,231.717
H5,600,PRY,Paraguay,180632,0,WLD,World,2024,Gross Exports,55.977
H5,608,PHL,Philippines,180632,0,WLD,World,2024,Gross Exports,405.409
H5,616,POL,Poland,180632,0,WLD,World,2024,Gross Exports,456528.015
H5,620,PRT,Portugal,180632,0,WLD,World,2024,Gross Exports,41366.58414
H5,642,ROM,Romania,180632,0,WLD,World,2024,Gross Exports,26701.35511
H5,699,IND,India,180632,0,WLD,World,2024,Gross Exports,17118.82255
H5,703,SVK,Slovakia,180632,0,WLD,World,2024,Gross Exports,73581.4849
H5,705,SVN,Slovenia,180632,0,WLD,World,2024,Gross Exports,20573.32483
H5,710,ZAF,South Africa,180632,0,WLD,World,2024,Gross Exports,10479.41463
H5,724,ESP,Spain,180632,0,WLD,World,2024,Gross Exports,243349.5751
H5,752,SWE,Sweden,180632,0,WLD,World,2024,Gross Exports,92162.88902
H5,757,CHE,Switz.Liecht,180632,0,WLD,World,2024,Gross Exports,624779.8393
H5,764,THA,Thailand,180632,0,WLD,World,2024,Gross Exports,3474.71128
H5,768,TGO,Togo,180632,0,WLD,World,2024,Gross Exports,208.755255
H5,792,TUR,Turkey,180632,0,WLD,World,2024,Gross Exports,121146.262
H5,804,UKR,Ukraine,180632,0,WLD,World,2024,Gross Exports,114526.1107
H5,807,MKD,TFYR Macedna,180632,0,WLD,World,2024,Gross Exports,3103.79123
H5,818,EGY,Egypt,180632,0,WLD,World,2024,Gross Exports,11654.14366
H5,826,GBR,Untd.Kingdom,180632,0,WLD,World,2024,Gross Exports,190693.3225
H5,842,USA,"USA,PR,USVI",180632,0,WLD,World,2024,Gross Exports,213435.5
H5,860,UZB,Uzbekistan,180632,0,WLD,World,2024,Gross Exports,1944.21498
H5,31,AZE,Azerbaijan,180631,0,WLD,World,2024,Gross Exports,117.97232
H5,32,ARG,Argentina,180631,0,WLD,World,2024,Gross Exports,659.58477
H5,36,AUS,Australia,180631,0,WLD,World,2024,Gross Exports,50322.68677
H5,40,AUT,Austria,180631,0,WLD,World,2024,Gross Exports,279151.9365
H5,51,ARM,Armenia,180631,0,WLD,World,2024,Gross Exports,2585.91481
H5,52,BRB,Barbados,180631,0,WLD,World,2024,Gross Exports,117.2265
H5,56,BEL,Belgium,180631,0,WLD,World,2024,Gross Exports,187415.881
H5,68,BOL,Bolivia,180631,0,WLD,World,2024,Gross Exports,337.27317
H5,70,BIH,Bosnia Herzg,180631,0,WLD,World,2024,Gross Exports,405.592449
H5,76,BRA,Brazil,180631,0,WLD,World,2024,Gross Exports,42873.675
H5,97,EUN,European Union,180631,0,WLD,World,2024,Gross Exports,1846416.669
H5,100,BGR,Bulgaria,180631,0,WLD,World,2024,Gross Exports,87328.17489
H5,124,CAN,Canada,180631,0,WLD,World,2024,Gross Exports,369625.9202
H5,144,LKA,Sri Lanka,180631,0,WLD,World,2024,Gross Exports,278.366223
H5,152,CHL,Chile,180631,0,WLD,World,2024,Gross Exports,2601.145211
H5,156,CHN,China,180631,0,WLD,World,2024,Gross Exports,92488.778
H5,191,HRV,Croatia,180631,0,WLD,World,2024,Gross Exports,189441.266
H5,196,CYP,Cyprus,180631,0,WLD,World,2024,Gross Exports,168.123992
H5,203,CZE,Czech Rep,180631,0,WLD,World,2024,Gross Exports,83980.832
H5,208,DNK,Denmark,180631,0,WLD,World,2024,Gross Exports,49721.44709
H5,214,DOM,Dominican Rp,180631,0,WLD,World,2024,Gross Exports,39.351016
H5,218,ECU,Ecuador,180631,0,WLD,World,2024,Gross Exports,269.784199
H5,222,SLV,El Salvador,180631,0,WLD,World,2024,Gross Exports,33.61632
H5,233,EST,Estonia,180631,0,WLD,World,2024,Gross Exports,3933.76629
H5,242,FJI,Fiji,180631,0,WLD,World,2024,Gross Exports,13.24957
H5,246,FIN,Finland,180631,0,WLD,World,2024,Gross Exports,13560.60684
H5,251,FRA,France+Monac,180631,0,WLD,World,2024,Gross Exports,69863.02935
H5,268,GEO,Georgia,180631,0,WLD,World,2024,Gross Exports,3105.584846
H5,276,DEU,Germany,180631,0,WLD,World,2024,Gross Exports,1522353.524
H5,300,GRC,Greece,180631,0,WLD,World,2024,Gross Exports,10012.92846
H5,320,GTM,Guatemala,180631,0,WLD,World,2024,Gross Exports,311.924
H5,344,HKG,Hong Kong,180631,0,WLD,World,2024,Gross Exports,9421.266127
H5,348,HUN,Hungary,180631,0,WLD,World,2024,Gross Exports,107511.538
H5,352,ISL,Iceland,180631,0,WLD,World,2024,Gross Exports,827.074235
H5,372,IRL,Ireland,180631,0,WLD,World,2024,Gross Exports,42005.11722
H5,376,ISR,Israel,180631,0,WLD,World,2024,Gross Exports,1395
H5,380,ITA,Italy,180631,0,WLD,World,2024,Gross Exports,240952.5036
H5,392,JPN,Japan,180631,0,WLD,World,2024,Gross Exports,28775.0825
H5,410,KOR,Korea Rep.,180631,0,WLD,World,2024,Gross Exports,6436.724
H5,417,KGZ,Kyrgyzstan,180631,0,WLD,World,2024,Gross Exports,9049.139
H5,428,LVA,Latvia,180631,0,WLD,World,2024,Gross Exports,15031.55647
H5,440,LTU,Lithuania,180631,0,WLD,World,2024,Gross Exports,79716.331
H5,442,LUX,Luxemberg,180631,0,WLD,World,2024,Gross Exports,6054.265294
H5,446,MAC,Macau,180631,0,WLD,World,2024,Gross Exports,168.353694
H5,458,MYS,Malaysia,180631,0,WLD,World,2024,Gross Exports,68996.94822
H5,470,MLT,Malta,180631,0,WLD,World,2024,Gross Exports,145.918957
H5,480,MUS,Mauritius,180631,0,WLD,World,2024,Gross Exports,76.528863
H5,484,MEX,Mexico,180631,0,WLD,World,2024,Gross Exports,53080.415
H5,498,MDA,Rep.Moldova,180631,0,WLD,World,2024,Gross Exports,6.733
H5,499,MNT,Montenegro,180631,0,WLD,World,2024,Gross Exports,88.216326
H5,516,NAM,Namibia,180631,0,WLD,World,2024,Gross Exports,14.587397
H5,528,NLD,Netherlands,180631,0,WLD,World,2024,Gross Exports,1215169.033
H5,554,NZL,New Zealand,180631,0,WLD,World,2024,Gross Exports,7541.580216
H5,566,NGA,Nigeria,180631,0,WLD,World,2024,Gross Exports,6389.52328
H5,579,NOR,"Norway,Sb,JM",180631,0,WLD,World,2024,Gross Exports,2560.033696
H5,586,PAK,Pakistan,180631,0,WLD,World,2024,Gross Exports,8.171746
H5,591,PAN,Panama,180631,0,WLD,World,2024,Gross Exports,666.788
H5,600,PRY,Paraguay,180631,0,WLD,World,2024,Gross Exports,1.464
H5,608,PHL,Philippines,180631,0,WLD,World,2024,Gross Exports,84.918
H5,616,POL,Poland,180631,0,WLD,World,2024,Gross Exports,544474.117
H5,620,PRT,Portugal,180631,0,WLD,World,2024,Gross Exports,13049.45563
H5,642,ROM,Romania,180631,0,WLD,World,2024,Gross Exports,51885.91605
H5,699,IND,India,180631,0,WLD,World,2024,Gross Exports,3110.526698
H5,703,SVK,Slovakia,180631,0,WLD,World,2024,Gross Exports,43365.46543
H5,705,SVN,Slovenia,180631,0,WLD,World,2024,Gross Exports,14324.2243
H5,710,ZAF,South Africa,180631,0,WLD,World,2024,Gross Exports,19104.89121
H5,716,ZWE,Zimbabwe,180631,0,WLD,World,2024,Gross Exports,13.236416
H5,724,ESP,Spain,180631,0,WLD,World,2024,Gross Exports,75860.0086
H5,752,SWE,Sweden,180631,0,WLD,World,2024,Gross Exports,114656.0906
H5,757,CHE,Switz.Liecht,180631,0,WLD,World,2024,Gross Exports,52279.93537
H5,764,THA,Thailand,180631,0,WLD,World,2024,Gross Exports,26166.89912
H5,768,TGO,Togo,180631,0,WLD,World,2024,Gross Exports,0.117414
H5,792,TUR,Turkey,180631,0,WLD,World,2024,Gross Exports,168991.02
H5,804,UKR,Ukraine,180631,0,WLD,World,2024,Gross Exports,60595.79471
H5,807,MKD,TFYR Macedna,180631,0,WLD,World,2024,Gross Exports,9865.25646
H5,818,EGY,Egypt,180631,0,WLD,World,2024,Gross Exports,153366.2111
H5,826,GBR,Untd.Kingdom,180631,0,WLD,World,2024,Gross Exports,142643.2291
H5,842,USA,"USA,PR,USVI",180631,0,WLD,World,2024,Gross Exports,189988.89
H5,860,UZB,Uzbekistan,180631,0,WLD,World,2024,Gross Exports,1260.95296
H5,8,ALB,Albania,180632,0,WLD,World,2023,Gross Exports,153.351608
H5,20,AND,Andorra,180632,0,WLD,World,2023,Gross Exports,44.148237
H5,24,AGO,Angola,180632,0,WLD,World,2023,Gross Exports,101.754983
H5,31,AZE,Azerbaijan,180632,0,WLD,World,2023,Gross Exports,5
H5,32,ARG,Argentina,180632,0,WLD,World,2023,Gross Exports,8110.21197
H5,36,AUS,Australia,180632,0,WLD,World,2023,Gross Exports,17800.93013
H5,40,AUT,Austria,180632,0,WLD,World,2023,Gross Exports,245714.1418
H5,48,BHR,Bahrain,180632,0,WLD,World,2023,Gross Exports,986.155973
H5,51,ARM,Armenia,180632,0,WLD,World,2023,Gross Exports,491.04398
H5,52,BRB,Barbados,180632,0,WLD,World,2023,Gross Exports,70.9245
H5,56,BEL,Belgium,180632,0,WLD,World,2023,Gross Exports,306403.411
H5,68,BOL,Bolivia,180632,0,WLD,World,2023,Gross Exports,71.56312
H5,70,BIH,Bosnia Herzg,180632,0,WLD,World,2023,Gross Exports,3867.815097
H5,72,BWA,Botswana,180632,0,WLD,World,2023,Gross Exports,0.062884
H5,76,BRA,Brazil,180632,0,WLD,World,2023,Gross Exports,29314.286
H5,96,BRN,Brunei Darsm,180632,0,WLD,World,2023,Gross Exports,39.655058
H5,97,EUN,European Union,180632,0,WLD,World,2023,Gross Exports,1638961.918
H5,100,BGR,Bulgaria,180632,0,WLD,World,2023,Gross Exports,93654.28064
H5,116,KHM,Cambodia,180632,0,WLD,World,2023,Gross Exports,68.6529
H5,124,CAN,Canada,180632,0,WLD,World,2023,Gross Exports,323003.7043
H5,132,CPV,Cape Verde,180632,0,WLD,World,2023,Gross Exports,10.338409
H5,144,LKA,Sri Lanka,180632,0,WLD,World,2023,Gross Exports,13.034114
H5,152,CHL,Chile,180632,0,WLD,World,2023,Gross Exports,3208.0476
H5,156,CHN,China,180632,0,WLD,World,2023,Gross Exports,35560.954
H5,170,COL,Colombia,180632,0,WLD,World,2023,Gross Exports,21968.10723
H5,188,CRI,Costa Rica,180632,0,WLD,World,2023,Gross Exports,2872.54986
H5,191,HRV,Croatia,180632,0,WLD,World,2023,Gross Exports,87479.651
H5,196,CYP,Cyprus,180632,0,WLD,World,2023,Gross Exports,193.726574
H5,203,CZE,Czech Rep,180632,0,WLD,World,2023,Gross Exports,63087.979
H5,208,DNK,Denmark,180632,0,WLD,World,2023,Gross Exports,23760.75148
H5,214,DOM,Dominican Rp,180632,0,WLD,World,2023,Gross Exports,5594.751608
H5,218,ECU,Ecuador,180632,0,WLD,World,2023,Gross Exports,1495.8749
H5,222,SLV,El Salvador,180632,0,WLD,World,2023,Gross Exports,1887.439
H5,233,EST,Estonia,180632,0,WLD,World,2023,Gross Exports,4957.02236
H5,246,FIN,Finland,180632,0,WLD,World,2023,Gross Exports,11852.28057
H5,251,FRA,France+Monac,180632,0,WLD,World,2023,Gross Exports,273360.7121
H5,266,GAB,Gabon,180632,0,WLD,World,2023,Gross Exports,0.616038
H5,268,GEO,Georgia,180632,0,WLD,World,2023,Gross Exports,2060.638234
H5,276,DEU,Germany,180632,0,WLD,World,2023,Gross Exports,1720365.987
H5,288,GHA,Ghana,180632,0,WLD,World,2023,Gross Exports,55.743059
H5,300,GRC,Greece,180632,0,WLD,World,2023,Gross Exports,15616.44803
H5,320,GTM,Guatemala,180632,0,WLD,World,2023,Gross Exports,455.218
H5,328,GUY,Guyana,180632,0,WLD,World,2023,Gross Exports,0.001439
H5,340,HND,Honduras,180632,0,WLD,World,2023,Gross Exports,10.76644
H5,344,HKG,Hong Kong,180632,0,WLD,World,2023,Gross Exports,8053.567818
H5,348,HUN,Hungary,180632,0,WLD,World,2023,Gross Exports,21364.968
H5,352,ISL,Iceland,180632,0,WLD,World,2023,Gross Exports,791.414738
H5,360,IDN,Indonesia,180632,0,WLD,World,2023,Gross Exports,1315.387973
H5,372,IRL,Ireland,180632,0,WLD,World,2023,Gross Exports,157486.302
H5,376,ISR,Israel,180632,0,WLD,World,2023,Gross Exports,1241.162
H5,380,ITA,Italy,180632,0,WLD,World,2023,Gross Exports,128738.6305
H5,384,CIV,Cote Divoire,180632,0,WLD,World,2023,Gross Exports,334.860054
H5,388,JAM,Jamaica,180632,0,WLD,World,2023,Gross Exports,12.56857
H5,392,JPN,Japan,180632,0,WLD,World,2023,Gross Exports,54635.33789
H5,398,KAZ,Kazakhstan,180632,0,WLD,World,2023,Gross Exports,16963.21386
H5,400,JOR,Jordan,180632,0,WLD,World,2023,Gross Exports,1725.571896
H5,404,KEN,Kenya,180632,0,WLD,World,2023,Gross Exports,193.71717
H5,410,KOR,Korea Rep.,180632,0,WLD,World,2023,Gross Exports,5938.711
H5,414,KWT,Kuwait,180632,0,WLD,World,2023,Gross Exports,244.921274
H5,417,KGZ,Kyrgyzstan,180632,0,WLD,World,2023,Gross Exports,7.762
H5,422,LBN,Lebanon,180632,0,WLD,World,2023,Gross Exports,228.019
H5,428,LVA,Latvia,180632,0,WLD,World,2023,Gross Exports,12334.04845
H5,440,LTU,Lithuania,180632,0,WLD,World,2023,Gross Exports,46320.938
H5,442,LUX,Luxemberg,180632,0,WLD,World,2023,Gross Exports,503.459668
H5,450,MDG,Madagascar,180632,0,WLD,World,2023,Gross Exports,3055.000619
H5,458,MYS,Malaysia,180632,0,WLD,World,2023,Gross Exports,97256.07954
H5,470,MLT,Malta,180632,0,WLD,World,2023,Gross Exports,0.538472
H5,484,MEX,Mexico,180632,0,WLD,World,2023,Gross Exports,124780.013
H5,490,OAS,Asia Othr.ns,180632,0,WLD,World,2023,Gross Exports,1376.258068
H5,498,MDA,Rep.Moldova,180632,0,WLD,World,2023,Gross Exports,181.094
H5,499,MNT,Montenegro,180632,0,WLD,World,2023,Gross Exports,509.80965
H5,504,MAR,Morocco,180632,0,WLD,World,2023,Gross Exports,1525.127095
H5,512,OMN,Oman,180632,0,WLD,World,2023,Gross Exports,34.340702
H5,516,NAM,Namibia,180632,0,WLD,World,2023,Gross Exports,24.571275
H5,528,NLD,Netherlands,180632,0,WLD,World,2023,Gross Exports,183880.6691
H5,554,NZL,New Zealand,180632,0,WLD,World,2023,Gross Exports,75031.55679
H5,558,NIC,Nicaragua,180632,0,WLD,World,2023,Gross Exports,82.09093
H5,579,NOR,"Norway,Sb,JM",180632,0,WLD,World,2023,Gross Exports,5964.229715
H5,586,PAK,Pakistan,180632,0,WLD,World,2023,Gross Exports,213.433424
H5,604,PER,Peru,180632,0,WLD,World,2023,Gross Exports,32700.49279
H5,608,PHL,Philippines,180632,0,WLD,World,2023,Gross Exports,580.709
H5,616,POL,Poland,180632,0,WLD,World,2023,Gross Exports,346455.952
H5,620,PRT,Portugal,180632,0,WLD,World,2023,Gross Exports,26486.00355
H5,642,ROM,Romania,180632,0,WLD,World,2023,Gross Exports,14831.71464
H5,678,STP,Sao Tome Prn,180632,0,WLD,World,2023,Gross Exports,109.834894
H5,682,SAU,Saudi Arabia,180632,0,WLD,World,2023,Gross Exports,378.613857
H5,686,SEN,Senegal,180632,0,WLD,World,2023,Gross Exports,262.233916
H5,688,SER,Yugoslavia,180632,0,WLD,World,2023,Gross Exports,24124.358
H5,699,IND,India,180632,0,WLD,World,2023,Gross Exports,13030.35345
H5,702,SGP,Singapore,180632,0,WLD,World,2023,Gross Exports,65114.19554
H5,703,SVK,Slovakia,180632,0,WLD,World,2023,Gross Exports,49687.83316
H5,704,VNM,Viet Nam,180632,0,WLD,World,2023,Gross Exports,4433.589421
H5,705,SVN,Slovenia,180632,0,WLD,World,2023,Gross Exports,14983.64468
H5,710,ZAF,South Africa,180632,0,WLD,World,2023,Gross Exports,9863.325995
H5,724,ESP,Spain,180632,0,WLD,World,2023,Gross Exports,213943.2089
H5,748,SWZ,Swaziland,180632,0,WLD,World,2023,Gross Exports,1.21217
H5,752,SWE,Sweden,180632,0,WLD,World,2023,Gross Exports,82149.36022
H5,757,CHE,Switz.Liecht,180632,0,WLD,World,2023,Gross Exports,566079.0801
H5,764,THA,Thailand,180632,0,WLD,World,2023,Gross Exports,3544.969861
H5,768,TGO,Togo,180632,0,WLD,World,2023,Gross Exports,161.848602
H5,784,ARE,Untd Arab Em,180632,0,WLD,World,2023,Gross Exports,136230.8483
H5,788,TUN,Tunisia,180632,0,WLD,World,2023,Gross Exports,17630.56822
H5,792,TUR,Turkey,180632,0,WLD,World,2023,Gross Exports,105980.186
H5,800,UGA,Uganda,180632,0,WLD,World,2023,Gross Exports,76.18881
H5,804,UKR,Ukraine,180632,0,WLD,World,2023,Gross Exports,55656.05628
H5,807,MKD,TFYR Macedna,180632,0,WLD,World,2023,Gross Exports,2558.208111
H5,818,EGY,Egypt,180632,0,WLD,World,2023,Gross Exports,17864.8183
H5,826,GBR,Untd.Kingdom,180632,0,WLD,World,2023,Gross Exports,159927.4143
H5,842,USA,"USA,PR,USVI",180632,0,WLD,World,2023,Gross Exports,174168.617
H5,858,URY,Uruguay,180632,0,WLD,World,2023,Gross Exports,3.032
H5,860,UZB,Uzbekistan,180632,0,WLD,World,2023,Gross Exports,1425.19692
H5,894,ZMB,Zambia,180632,0,WLD,World,2023,Gross Exports,6.942557
H5,8,ALB,Albania,180631,0,WLD,World,2023,Gross Exports,151.637242
H5,24,AGO,Angola,180631,0,WLD,World,2023,Gross Exports,40.260936
H5,32,ARG,Argentina,180631,0,WLD,World,2023,Gross Exports,938.98625
H5,36,AUS,Australia,180631,0,WLD,World,2023,Gross Exports,32562.22024
H5,40,AUT,Austria,180631,0,WLD,World,2023,Gross Exports,257360.2028
H5,48,BHR,Bahrain,180631,0,WLD,World,2023,Gross Exports,1026.681885
H5,51,ARM,Armenia,180631,0,WLD,World,2023,Gross Exports,2050.58669
H5,52,BRB,Barbados,180631,0,WLD,World,2023,Gross Exports,202.3855
H5,56,BEL,Belgium,180631,0,WLD,World,2023,Gross Exports,162479.8846
H5,68,BOL,Bolivia,180631,0,WLD,World,2023,Gross Exports,353.32346
H5,70,BIH,Bosnia Herzg,180631,0,WLD,World,2023,Gross Exports,313.422272
H5,72,BWA,Botswana,180631,0,WLD,World,2023,Gross Exports,0.20276
H5,76,BRA,Brazil,180631,0,WLD,World,2023,Gross Exports,35797.174
H5,96,BRN,Brunei Darsm,180631,0,WLD,World,2023,Gross Exports,71.996477
H5,97,EUN,European Union,180631,0,WLD,World,2023,Gross Exports,1730591.284
H5,100,BGR,Bulgaria,180631,0,WLD,World,2023,Gross Exports,72393.98853
H5,124,CAN,Canada,180631,0,WLD,World,2023,Gross Exports,331089.1366
H5,132,CPV,Cape Verde,180631,0,WLD,World,2023,Gross Exports,47.301056
H5,144,LKA,Sri Lanka,180631,0,WLD,World,2023,Gross Exports,11.582361
H5,152,CHL,Chile,180631,0,WLD,World,2023,Gross Exports,2422.451456
H5,156,CHN,China,180631,0,WLD,World,2023,Gross Exports,69789.951
H5,170,COL,Colombia,180631,0,WLD,World,2023,Gross Exports,10822.93653
H5,188,CRI,Costa Rica,180631,0,WLD,World,2023,Gross Exports,858.03865
H5,191,HRV,Croatia,180631,0,WLD,World,2023,Gross Exports,190228.352
H5,196,CYP,Cyprus,180631,0,WLD,World,2023,Gross Exports,59.919582
H5,203,CZE,Czech Rep,180631,0,WLD,World,2023,Gross Exports,75263.66
H5,208,DNK,Denmark,180631,0,WLD,World,2023,Gross Exports,48260.61379
H5,214,DOM,Dominican Rp,180631,0,WLD,World,2023,Gross Exports,93.638368
H5,218,ECU,Ecuador,180631,0,WLD,World,2023,Gross Exports,343.6645
H5,222,SLV,El Salvador,180631,0,WLD,World,2023,Gross Exports,10.429
H5,233,EST,Estonia,180631,0,WLD,World,2023,Gross Exports,2498.61124
H5,242,FJI,Fiji,180631,0,WLD,World,2023,Gross Exports,12.922393
H5,246,FIN,Finland,180631,0,WLD,World,2023,Gross Exports,10662.17685
H5,251,FRA,France+Monac,180631,0,WLD,World,2023,Gross Exports,73546.25017
H5,266,GAB,Gabon,180631,0,WLD,World,2023,Gross Exports,0.813824
H5,268,GEO,Georgia,180631,0,WLD,World,2023,Gross Exports,2778.261597
H5,276,DEU,Germany,180631,0,WLD,World,2023,Gross Exports,1315852.536
H5,288,GHA,Ghana,180631,0,WLD,World,2023,Gross Exports,96.01294
H5,300,GRC,Greece,180631,0,WLD,World,2023,Gross Exports,7205.658423
H5,320,GTM,Guatemala,180631,0,WLD,World,2023,Gross Exports,163.456
H5,340,HND,Honduras,180631,0,WLD,World,2023,Gross Exports,4.5717
H5,344,HKG,Hong Kong,180631,0,WLD,World,2023,Gross Exports,6242.610251
H5,348,HUN,Hungary,180631,0,WLD,World,2023,Gross Exports,92194.61
H5,352,ISL,Iceland,180631,0,WLD,World,2023,Gross Exports,1275.98363
H5,360,IDN,Indonesia,180631,0,WLD,World,2023,Gross Exports,3926.898088
H5,372,IRL,Ireland,180631,0,WLD,World,2023,Gross Exports,39730.77861
H5,376,ISR,Israel,180631,0,WLD,World,2023,Gross Exports,469.093
H5,380,ITA,Italy,180631,0,WLD,World,2023,Gross Exports,225911.4196
H5,384,CIV,Cote Divoire,180631,0,WLD,World,2023,Gross Exports,6.968276
H5,388,JAM,Jamaica,180631,0,WLD,World,2023,Gross Exports,0.99089
H5,392,JPN,Japan,180631,0,WLD,World,2023,Gross Exports,27804.88071
H5,398,KAZ,Kazakhstan,180631,0,WLD,World,2023,Gross Exports,20086.41253
H5,400,JOR,Jordan,180631,0,WLD,World,2023,Gross Exports,21642.14529
H5,404,KEN,Kenya,180631,0,WLD,World,2023,Gross Exports,370.065439
H5,410,KOR,Korea Rep.,180631,0,WLD,World,2023,Gross Exports,5122.651
H5,414,KWT,Kuwait,180631,0,WLD,World,2023,Gross Exports,602.930965
H5,417,KGZ,Kyrgyzstan,180631,0,WLD,World,2023,Gross Exports,86.658
H5,422,LBN,Lebanon,180631,0,WLD,World,2023,Gross Exports,13763.237
H5,428,LVA,Latvia,180631,0,WLD,World,2023,Gross Exports,11357.80994
H5,440,LTU,Lithuania,180631,0,WLD,World,2023,Gross Exports,87889.662
H5,442,LUX,Luxemberg,180631,0,WLD,World,2023,Gross Exports,2890.739855
H5,446,MAC,Macau,180631,0,WLD,World,2023,Gross Exports,40.442665
H5,450,MDG,Madagascar,180631,0,WLD,World,2023,Gross Exports,4.270254
H5,458,MYS,Malaysia,180631,0,WLD,World,2023,Gross Exports,60356.00688
H5,470,MLT,Malta,180631,0,WLD,World,2023,Gross Exports,269.732189
H5,480,MUS,Mauritius,180631,0,WLD,World,2023,Gross Exports,75.810671
H5,484,MEX,Mexico,180631,0,WLD,World,2023,Gross Exports,44356.858
H5,490,OAS,Asia Othr.ns,180631,0,WLD,World,2023,Gross Exports,567.756141
H5,498,MDA,Rep.Moldova,180631,0,WLD,World,2023,Gross Exports,156.758
H5,499,MNT,Montenegro,180631,0,WLD,World,2023,Gross Exports,26.374442
H5,504,MAR,Morocco,180631,0,WLD,World,2023,Gross Exports,153.836886
H5,512,OMN,Oman,180631,0,WLD,World,2023,Gross Exports,2287.942779
H5,516,NAM,Namibia,180631,0,WLD,World,2023,Gross Exports,16.812357
H5,528,NLD,Netherlands,180631,0,WLD,World,2023,Gross Exports,1131845.368
H5,554,NZL,New Zealand,180631,0,WLD,World,2023,Gross Exports,8889.449437
H5,558,NIC,Nicaragua,180631,0,WLD,World,2023,Gross Exports,5.81308
H5,566,NGA,Nigeria,180631,0,WLD,World,2023,Gross Exports,195.136638
H5,579,NOR,"Norway,Sb,JM",180631,0,WLD,World,2023,Gross Exports,6282.444715
H5,591,PAN,Panama,180631,0,WLD,World,2023,Gross Exports,138.251
H5,600,PRY,Paraguay,180631,0,WLD,World,2023,Gross Exports,1.97952
H5,604,PER,Peru,180631,0,WLD,World,2023,Gross Exports,13293.88718
H5,608,PHL,Philippines,180631,0,WLD,World,2023,Gross Exports,60.198
H5,616,POL,Poland,180631,0,WLD,World,2023,Gross Exports,453565.621
H5,620,PRT,Portugal,180631,0,WLD,World,2023,Gross Exports,8157.887364
H5,642,ROM,Romania,180631,0,WLD,World,2023,Gross Exports,30066.34537
H5,682,SAU,Saudi Arabia,180631,0,WLD,World,2023,Gross Exports,1242.658369
H5,686,SEN,Senegal,180631,0,WLD,World,2023,Gross Exports,135.434654
H5,688,SER,Yugoslavia,180631,0,WLD,World,2023,Gross Exports,16310.619
H5,699,IND,India,180631,0,WLD,World,2023,Gross Exports,2150.07823
H5,702,SGP,Singapore,180631,0,WLD,World,2023,Gross Exports,40929.58202
H5,703,SVK,Slovakia,180631,0,WLD,World,2023,Gross Exports,42094.68916
H5,704,VNM,Viet Nam,180631,0,WLD,World,2023,Gross Exports,3462.11139
H5,705,SVN,Slovenia,180631,0,WLD,World,2023,Gross Exports,10496.34348
H5,710,ZAF,South Africa,180631,0,WLD,World,2023,Gross Exports,18442.64508
H5,716,ZWE,Zimbabwe,180631,0,WLD,World,2023,Gross Exports,5.44204
H5,724,ESP,Spain,180631,0,WLD,World,2023,Gross Exports,104244.7132
H5,748,SWZ,Swaziland,180631,0,WLD,World,2023,Gross Exports,0.46857
H5,752,SWE,Sweden,180631,0,WLD,World,2023,Gross Exports,99197.73367
H5,757,CHE,Switz.Liecht,180631,0,WLD,World,2023,Gross Exports,49668.98576
H5,764,THA,Thailand,180631,0,WLD,World,2023,Gross Exports,29174.94086
H5,768,TGO,Togo,180631,0,WLD,World,2023,Gross Exports,4.502428
H5,784,ARE,Untd Arab Em,180631,0,WLD,World,2023,Gross Exports,115429.3559
H5,788,TUN,Tunisia,180631,0,WLD,World,2023,Gross Exports,5920.04232
H5,792,TUR,Turkey,180631,0,WLD,World,2023,Gross Exports,189560.453
H5,800,UGA,Uganda,180631,0,WLD,World,2023,Gross Exports,52.20525
H5,804,UKR,Ukraine,180631,0,WLD,World,2023,Gross Exports,35039.04293
H5,807,MKD,TFYR Macedna,180631,0,WLD,World,2023,Gross Exports,11026.22166
H5,818,EGY,Egypt,180631,0,WLD,World,2023,Gross Exports,148426.7934
H5,826,GBR,Untd.Kingdom,180631,0,WLD,World,2023,Gross Exports,142457.204
H5,842,USA,"USA,PR,USVI",180631,0,WLD,World,2023,Gross Exports,162351.039
H5,860,UZB,Uzbekistan,180631,0,WLD,World,2023,Gross Exports,1678.89094
H5,882,WSM,Samoa,180631,0,WLD,World,2023,Gross Exports,28.194606
H5,20,AND,Andorra,180632,0,WLD,World,2022,Gross Exports,0.058354
H5,24,AGO,Angola,180632,0,WLD,World,2022,Gross Exports,13.49153
H5,31,AZE,Azerbaijan,180632,0,WLD,World,2022,Gross Exports,116.1216
H5,32,ARG,Argentina,180632,0,WLD,World,2022,Gross Exports,5990.54074
H5,36,AUS,Australia,180632,0,WLD,World,2022,Gross Exports,31289.14199
H5,40,AUT,Austria,180632,0,WLD,World,2022,Gross Exports,178177.0761
H5,48,BHR,Bahrain,180632,0,WLD,World,2022,Gross Exports,586.418057
H5,51,ARM,Armenia,180632,0,WLD,World,2022,Gross Exports,1239.12321
H5,52,BRB,Barbados,180632,0,WLD,World,2022,Gross Exports,62.9495
H5,56,BEL,Belgium,180632,0,WLD,World,2022,Gross Exports,227311.2531
H5,68,BOL,Bolivia,180632,0,WLD,World,2022,Gross Exports,19.90104
H5,70,BIH,Bosnia Herzg,180632,0,WLD,World,2022,Gross Exports,4975.0221
H5,72,BWA,Botswana,180632,0,WLD,World,2022,Gross Exports,0.037677
H5,76,BRA,Brazil,180632,0,WLD,World,2022,Gross Exports,27510.864
H5,96,BRN,Brunei Darsm,180632,0,WLD,World,2022,Gross Exports,43.052043
H5,97,EUN,European Union,180632,0,WLD,World,2022,Gross Exports,1397875.879
H5,100,BGR,Bulgaria,180632,0,WLD,World,2022,Gross Exports,80467.4154
H5,124,CAN,Canada,180632,0,WLD,World,2022,Gross Exports,289404.0756
H5,132,CPV,Cape Verde,180632,0,WLD,World,2022,Gross Exports,28.98838
H5,144,LKA,Sri Lanka,180632,0,WLD,World,2022,Gross Exports,0.27116532
H5,152,CHL,Chile,180632,0,WLD,World,2022,Gross Exports,3435.0538
H5,156,CHN,China,180632,0,WLD,World,2022,Gross Exports,31234.798
H5,170,COL,Colombia,180632,0,WLD,World,2022,Gross Exports,22606.56589
H5,178,COG,Congo,180632,0,WLD,World,2022,Gross Exports,1.165918
H5,188,CRI,Costa Rica,180632,0,WLD,World,2022,Gross Exports,2618.83945
H5,191,HRV,Croatia,180632,0,WLD,World,2022,Gross Exports,72166.191
H5,196,CYP,Cyprus,180632,0,WLD,World,2022,Gross Exports,152.5709508
H5,203,CZE,Czech Rep,180632,0,WLD,World,2022,Gross Exports,57579.783
H5,204,BEN,Benin,180632,0,WLD,World,2022,Gross Exports,0.950901
H5,208,DNK,Denmark,180632,0,WLD,World,2022,Gross Exports,24352.69856
H5,214,DOM,Dominican Rp,180632,0,WLD,World,2022,Gross Exports,5232.900095
H5,218,ECU,Ecuador,180632,0,WLD,World,2022,Gross Exports,1852.4928
H5,222,SLV,El Salvador,180632,0,WLD,World,2022,Gross Exports,2019.089
H5,233,EST,Estonia,180632,0,WLD,World,2022,Gross Exports,4879.19431
H5,246,FIN,Finland,180632,0,WLD,World,2022,Gross Exports,9609.60791
H5,251,FRA,France+Monac,180632,0,WLD,World,2022,Gross Exports,215987.8675
H5,266,GAB,Gabon,180632,0,WLD,World,2022,Gross Exports,0.832713
H5,268,GEO,Georgia,180632,0,WLD,World,2022,Gross Exports,1076.88587
H5,276,DEU,Germany,180632,0,WLD,World,2022,Gross Exports,1551821.647
H5,288,GHA,Ghana,180632,0,WLD,World,2022,Gross Exports,545.295764
H5,300,GRC,Greece,180632,0,WLD,World,2022,Gross Exports,14606.28259
H5,320,GTM,Guatemala,180632,0,WLD,World,2022,Gross Exports,374.964
H5,328,GUY,Guyana,180632,0,WLD,World,2022,Gross Exports,0.007674
H5,344,HKG,Hong Kong,180632,0,WLD,World,2022,Gross Exports,5782.78415
H5,348,HUN,Hungary,180632,0,WLD,World,2022,Gross Exports,38957.222
H5,352,ISL,Iceland,180632,0,WLD,World,2022,Gross Exports,550.000276
H5,360,IDN,Indonesia,180632,0,WLD,World,2022,Gross Exports,1078.812
H5,372,IRL,Ireland,180632,0,WLD,World,2022,Gross Exports,125017.2352
H5,376,ISR,Israel,180632,0,WLD,World,2022,Gross Exports,3478
H5,380,ITA,Italy,180632,0,WLD,World,2022,Gross Exports,102057.3495
H5,384,CIV,Cote Divoire,180632,0,WLD,World,2022,Gross Exports,119.152529
H5,388,JAM,Jamaica,180632,0,WLD,World,2022,Gross Exports,21.62488
H5,392,JPN,Japan,180632,0,WLD,World,2022,Gross Exports,59585.9355
H5,398,KAZ,Kazakhstan,180632,0,WLD,World,2022,Gross Exports,7277.25485
H5,400,JOR,Jordan,180632,0,WLD,World,2022,Gross Exports,1036.55956
H5,404,KEN,Kenya,180632,0,WLD,World,2022,Gross Exports,410.192221
H5,410,KOR,Korea Rep.,180632,0,WLD,World,2022,Gross Exports,5793.235
H5,414,KWT,Kuwait,180632,0,WLD,World,2022,Gross Exports,38.950476
H5,417,KGZ,Kyrgyzstan,180632,0,WLD,World,2022,Gross Exports,76.964
H5,422,LBN,Lebanon,180632,0,WLD,World,2022,Gross Exports,391.154
H5,428,LVA,Latvia,180632,0,WLD,World,2022,Gross Exports,12578.28995
H5,430,LBR,Liberia,180632,0,WLD,World,2022,Gross Exports,0.15
H5,440,LTU,Lithuania,180632,0,WLD,World,2022,Gross Exports,37892.155
H5,442,LUX,Luxemberg,180632,0,WLD,World,2022,Gross Exports,258.584568
H5,450,MDG,Madagascar,180632,0,WLD,World,2022,Gross Exports,1963.462518
H5,458,MYS,Malaysia,180632,0,WLD,World,2022,Gross Exports,92981.04526
H5,470,MLT,Malta,180632,0,WLD,World,2022,Gross Exports,0.378044
H5,484,MEX,Mexico,180632,0,WLD,World,2022,Gross Exports,122868.702
H5,490,OAS,Asia Othr.ns,180632,0,WLD,World,2022,Gross Exports,1801.10725
H5,496,MNG,Mongolia,180632,0,WLD,World,2022,Gross Exports,0.159005
H5,498,MDA,Rep.Moldova,180632,0,WLD,World,2022,Gross Exports,280.925
H5,499,MNT,Montenegro,180632,0,WLD,World,2022,Gross Exports,417.0747921
H5,504,MAR,Morocco,180632,0,WLD,World,2022,Gross Exports,925.522985
H5,508,MOZ,Mozambique,180632,0,WLD,World,2022,Gross Exports,1.295537
H5,512,OMN,Oman,180632,0,WLD,World,2022,Gross Exports,480.031209
H5,516,NAM,Namibia,180632,0,WLD,World,2022,Gross Exports,23.293639
H5,528,NLD,Netherlands,180632,0,WLD,World,2022,Gross Exports,155926.1522
H5,554,NZL,New Zealand,180632,0,WLD,World,2022,Gross Exports,70162.80741
H5,558,NIC,Nicaragua,180632,0,WLD,World,2022,Gross Exports,59.75205
H5,579,NOR,"Norway,Sb,JM",180632,0,WLD,World,2022,Gross Exports,7204.288755
H5,591,PAN,Panama,180632,0,WLD,World,2022,Gross Exports,16.545
H5,600,PRY,Paraguay,180632,0,WLD,World,2022,Gross Exports,0.1716
H5,604,PER,Peru,180632,0,WLD,World,2022,Gross Exports,11652.03429
H5,608,PHL,Philippines,180632,0,WLD,World,2022,Gross Exports,1068.343
H5,616,POL,Poland,180632,0,WLD,World,2022,Gross Exports,303238.619
H5,620,PRT,Portugal,180632,0,WLD,World,2022,Gross Exports,16704.20819
H5,642,ROM,Romania,180632,0,WLD,World,2022,Gross Exports,11272.3982
H5,682,SAU,Saudi Arabia,180632,0,WLD,World,2022,Gross Exports,117.457064
H5,686,SEN,Senegal,180632,0,WLD,World,2022,Gross Exports,99.221754
H5,688,SER,Yugoslavia,180632,0,WLD,World,2022,Gross Exports,18320.633
H5,699,IND,India,180632,0,WLD,World,2022,Gross Exports,10024.26573
H5,702,SGP,Singapore,180632,0,WLD,World,2022,Gross Exports,75186.68314
H5,703,SVK,Slovakia,180632,0,WLD,World,2022,Gross Exports,81838.57358
H5,704,VNM,Viet Nam,180632,0,WLD,World,2022,Gross Exports,3724.272358
H5,705,SVN,Slovenia,180632,0,WLD,World,2022,Gross Exports,13645.38858
H5,710,ZAF,South Africa,180632,0,WLD,World,2022,Gross Exports,10758.2496
H5,724,ESP,Spain,180632,0,WLD,World,2022,Gross Exports,191635.9705
H5,748,SWZ,Swaziland,180632,0,WLD,World,2022,Gross Exports,0.0079
H5,752,SWE,Sweden,180632,0,WLD,World,2022,Gross Exports,74572.29957
H5,757,CHE,Switz.Liecht,180632,0,WLD,World,2022,Gross Exports,479717.0844
H5,764,THA,Thailand,180632,0,WLD,World,2022,Gross Exports,2073.737211
H5,768,TGO,Togo,180632,0,WLD,World,2022,Gross Exports,101.953982
H5,784,ARE,Untd Arab Em,180632,0,WLD,World,2022,Gross Exports,158219.9611
H5,788,TUN,Tunisia,180632,0,WLD,World,2022,Gross Exports,12501.12534
H5,792,TUR,Turkey,180632,0,WLD,World,2022,Gross Exports,108537.006
H5,800,UGA,Uganda,180632,0,WLD,World,2022,Gross Exports,72.89605
H5,804,UKR,Ukraine,180632,0,WLD,World,2022,Gross Exports,29646.09605
H5,807,MKD,TFYR Macedna,180632,0,WLD,World,2022,Gross Exports,1577.30365
H5,818,EGY,Egypt,180632,0,WLD,World,2022,Gross Exports,57252.874
H5,826,GBR,Untd.Kingdom,180632,0,WLD,World,2022,Gross Exports,146911.921
H5,842,USA,"USA,PR,USVI",180632,0,WLD,World,2022,Gross Exports,169256.344
H5,858,URY,Uruguay,180632,0,WLD,World,2022,Gross Exports,0.576
H5,860,UZB,Uzbekistan,180632,0,WLD,World,2022,Gross Exports,1258.32797
H5,894,ZMB,Zambia,180632,0,WLD,World,2022,Gross Exports,20.543692
H5,24,AGO,Angola,180631,0,WLD,World,2022,Gross Exports,13.552086
H5,31,AZE,Azerbaijan,180631,0,WLD,World,2022,Gross Exports,27.67475
H5,32,ARG,Argentina,180631,0,WLD,World,2022,Gross Exports,1034.96569
H5,36,AUS,Australia,180631,0,WLD,World,2022,Gross Exports,31282.31654
H5,40,AUT,Austria,180631,0,WLD,World,2022,Gross Exports,215072.2481
H5,48,BHR,Bahrain,180631,0,WLD,World,2022,Gross Exports,925.791912
H5,51,ARM,Armenia,180631,0,WLD,World,2022,Gross Exports,1753.72446
H5,52,BRB,Barbados,180631,0,WLD,World,2022,Gross Exports,179.019
H5,56,BEL,Belgium,180631,0,WLD,World,2022,Gross Exports,121129.4629
H5,68,BOL,Bolivia,180631,0,WLD,World,2022,Gross Exports,325.41415
H5,70,BIH,Bosnia Herzg,180631,0,WLD,World,2022,Gross Exports,1108.68886
H5,72,BWA,Botswana,180631,0,WLD,World,2022,Gross Exports,0.167144
H5,76,BRA,Brazil,180631,0,WLD,World,2022,Gross Exports,11799.562
H5,96,BRN,Brunei Darsm,180631,0,WLD,World,2022,Gross Exports,120.400261
H5,97,EUN,European Union,180631,0,WLD,World,2022,Gross Exports,1385302.002
H5,100,BGR,Bulgaria,180631,0,WLD,World,2022,Gross Exports,56236.02939
H5,124,CAN,Canada,180631,0,WLD,World,2022,Gross Exports,300049.1996
H5,132,CPV,Cape Verde,180631,0,WLD,World,2022,Gross Exports,101.582482
H5,144,LKA,Sri Lanka,180631,0,WLD,World,2022,Gross Exports,616.2855581
H5,152,CHL,Chile,180631,0,WLD,World,2022,Gross Exports,2938.05494
H5,156,CHN,China,180631,0,WLD,World,2022,Gross Exports,70155.774
H5,170,COL,Colombia,180631,0,WLD,World,2022,Gross Exports,11486.00626
H5,178,COG,Congo,180631,0,WLD,World,2022,Gross Exports,1.23391
H5,188,CRI,Costa Rica,180631,0,WLD,World,2022,Gross Exports,1223.50807
H5,191,HRV,Croatia,180631,0,WLD,World,2022,Gross Exports,112979.038
H5,196,CYP,Cyprus,180631,0,WLD,World,2022,Gross Exports,46.59213663
H5,203,CZE,Czech Rep,180631,0,WLD,World,2022,Gross Exports,62879.805
H5,208,DNK,Denmark,180631,0,WLD,World,2022,Gross Exports,43411.60057
H5,214,DOM,Dominican Rp,180631,0,WLD,World,2022,Gross Exports,241.95501
H5,218,ECU,Ecuador,180631,0,WLD,World,2022,Gross Exports,226.1758
H5,222,SLV,El Salvador,180631,0,WLD,World,2022,Gross Exports,11.71381
H5,233,EST,Estonia,180631,0,WLD,World,2022,Gross Exports,1886.70291
H5,242,FJI,Fiji,180631,0,WLD,World,2022,Gross Exports,9.368099628
H5,246,FIN,Finland,180631,0,WLD,World,2022,Gross Exports,8760.970761
H5,251,FRA,France+Monac,180631,0,WLD,World,2022,Gross Exports,72110.23128
H5,258,PYF,Fr.Polynesia,180631,0,WLD,World,2022,Gross Exports,20.079947
H5,268,GEO,Georgia,180631,0,WLD,World,2022,Gross Exports,587.49639
H5,276,DEU,Germany,180631,0,WLD,World,2022,Gross Exports,1144404.368
H5,288,GHA,Ghana,180631,0,WLD,World,2022,Gross Exports,262.024897
H5,300,GRC,Greece,180631,0,WLD,World,2022,Gross Exports,6544.403435
H5,320,GTM,Guatemala,180631,0,WLD,World,2022,Gross Exports,86.022
H5,344,HKG,Hong Kong,180631,0,WLD,World,2022,Gross Exports,3734.715623
H5,348,HUN,Hungary,180631,0,WLD,World,2022,Gross Exports,63426.535
H5,352,ISL,Iceland,180631,0,WLD,World,2022,Gross Exports,571.885808
H5,360,IDN,Indonesia,180631,0,WLD,World,2022,Gross Exports,3793.334
H5,364,IRN,Iran-Islam.R,180631,0,WLD,World,2022,Gross Exports,0.251
H5,372,IRL,Ireland,180631,0,WLD,World,2022,Gross Exports,31183.85221
H5,376,ISR,Israel,180631,0,WLD,World,2022,Gross Exports,329
H5,380,ITA,Italy,180631,0,WLD,World,2022,Gross Exports,197463.9818
H5,384,CIV,Cote Divoire,180631,0,WLD,World,2022,Gross Exports,3.702885
H5,388,JAM,Jamaica,180631,0,WLD,World,2022,Gross Exports,0.16535
H5,392,JPN,Japan,180631,0,WLD,World,2022,Gross Exports,24406.54197
H5,398,KAZ,Kazakhstan,180631,0,WLD,World,2022,Gross Exports,10408.6193
H5,400,JOR,Jordan,180631,0,WLD,World,2022,Gross Exports,15926.92983
H5,404,KEN,Kenya,180631,0,WLD,World,2022,Gross Exports,142.563329
H5,410,KOR,Korea Rep.,180631,0,WLD,World,2022,Gross Exports,4647.628
H5,414,KWT,Kuwait,180631,0,WLD,World,2022,Gross Exports,254.683474
H5,417,KGZ,Kyrgyzstan,180631,0,WLD,World,2022,Gross Exports,810.236
H5,422,LBN,Lebanon,180631,0,WLD,World,2022,Gross Exports,9692.191
H5,428,LVA,Latvia,180631,0,WLD,World,2022,Gross Exports,11795.13242
H5,440,LTU,Lithuania,180631,0,WLD,World,2022,Gross Exports,45972.22
H5,442,LUX,Luxemberg,180631,0,WLD,World,2022,Gross Exports,1461.637532
H5,446,MAC,Macau,180631,0,WLD,World,2022,Gross Exports,36.547485
H5,450,MDG,Madagascar,180631,0,WLD,World,2022,Gross Exports,50.295368
H5,458,MYS,Malaysia,180631,0,WLD,World,2022,Gross Exports,45144.47477
H5,462,MDV,Maldives,180631,0,WLD,World,2022,Gross Exports,0.007503
H5,470,MLT,Malta,180631,0,WLD,World,2022,Gross Exports,205.997373
H5,480,MUS,Mauritius,180631,0,WLD,World,2022,Gross Exports,69.52259929
H5,484,MEX,Mexico,180631,0,WLD,World,2022,Gross Exports,32908.674
H5,490,OAS,Asia Othr.ns,180631,0,WLD,World,2022,Gross Exports,793.5583
H5,498,MDA,Rep.Moldova,180631,0,WLD,World,2022,Gross Exports,234.073
H5,499,MNT,Montenegro,180631,0,WLD,World,2022,Gross Exports,9.239621876
H5,504,MAR,Morocco,180631,0,WLD,World,2022,Gross Exports,380.609317
H5,508,MOZ,Mozambique,180631,0,WLD,World,2022,Gross Exports,12.597713
H5,512,OMN,Oman,180631,0,WLD,World,2022,Gross Exports,5938.351096
H5,516,NAM,Namibia,180631,0,WLD,World,2022,Gross Exports,7.657026
H5,528,NLD,Netherlands,180631,0,WLD,World,2022,Gross Exports,955833.1897
H5,554,NZL,New Zealand,180631,0,WLD,World,2022,Gross Exports,8959.787049
H5,558,NIC,Nicaragua,180631,0,WLD,World,2022,Gross Exports,11.55515
H5,566,NGA,Nigeria,180631,0,WLD,World,2022,Gross Exports,6151.154714
H5,579,NOR,"Norway,Sb,JM",180631,0,WLD,World,2022,Gross Exports,2078.912205
H5,586,PAK,Pakistan,180631,0,WLD,World,2022,Gross Exports,0.109183
H5,591,PAN,Panama,180631,0,WLD,World,2022,Gross Exports,190.663
H5,600,PRY,Paraguay,180631,0,WLD,World,2022,Gross Exports,5.0336
H5,604,PER,Peru,180631,0,WLD,World,2022,Gross Exports,2095.71206
H5,608,PHL,Philippines,180631,0,WLD,World,2022,Gross Exports,96.818
H5,616,POL,Poland,180631,0,WLD,World,2022,Gross Exports,345016.656
H5,620,PRT,Portugal,180631,0,WLD,World,2022,Gross Exports,4802.55359
H5,642,ROM,Romania,180631,0,WLD,World,2022,Gross Exports,24359.97892
H5,682,SAU,Saudi Arabia,180631,0,WLD,World,2022,Gross Exports,2932.66606
H5,686,SEN,Senegal,180631,0,WLD,World,2022,Gross Exports,116.518921
H5,688,SER,Yugoslavia,180631,0,WLD,World,2022,Gross Exports,10673.662
H5,699,IND,India,180631,0,WLD,World,2022,Gross Exports,5050.559548
H5,702,SGP,Singapore,180631,0,WLD,World,2022,Gross Exports,48504.18778
H5,703,SVK,Slovakia,180631,0,WLD,World,2022,Gross Exports,33156.91152
H5,704,VNM,Viet Nam,180631,0,WLD,World,2022,Gross Exports,144.364531
H5,705,SVN,Slovenia,180631,0,WLD,World,2022,Gross Exports,11067.85793
H5,710,ZAF,South Africa,180631,0,WLD,World,2022,Gross Exports,15999.44568
H5,716,ZWE,Zimbabwe,180631,0,WLD,World,2022,Gross Exports,2.18705
H5,724,ESP,Spain,180631,0,WLD,World,2022,Gross Exports,84164.23182
H5,748,SWZ,Swaziland,180631,0,WLD,World,2022,Gross Exports,0.23715
H5,752,SWE,Sweden,180631,0,WLD,World,2022,Gross Exports,94999.21875
H5,757,CHE,Switz.Liecht,180631,0,WLD,World,2022,Gross Exports,46569.90418
H5,764,THA,Thailand,180631,0,WLD,World,2022,Gross Exports,10970.03199
H5,768,TGO,Togo,180631,0,WLD,World,2022,Gross Exports,4.774057
H5,784,ARE,Untd Arab Em,180631,0,WLD,World,2022,Gross Exports,169051.4351
H5,788,TUN,Tunisia,180631,0,WLD,World,2022,Gross Exports,4653.347526
H5,792,TUR,Turkey,180631,0,WLD,World,2022,Gross Exports,183799.563
H5,800,UGA,Uganda,180631,0,WLD,World,2022,Gross Exports,38.92399
H5,804,UKR,Ukraine,180631,0,WLD,World,2022,Gross Exports,24496.20756
H5,807,MKD,TFYR Macedna,180631,0,WLD,World,2022,Gross Exports,5773.47613
H5,818,EGY,Egypt,180631,0,WLD,World,2022,Gross Exports,124842.168
H5,826,GBR,Untd.Kingdom,180631,0,WLD,World,2022,Gross Exports,145326.7167
H5,842,USA,"USA,PR,USVI",180631,0,WLD,World,2022,Gross Exports,142117.703
H5,858,URY,Uruguay,180631,0,WLD,World,2022,Gross Exports,1.495
H5,860,UZB,Uzbekistan,180631,0,WLD,World,2022,Gross Exports,669.34998
H5,882,WSM,Samoa,180631,0,WLD,World,2022,Gross Exports,203.535478
H5,894,ZMB,Zambia,180631,0,WLD,World,2022,Gross Exports,6.750912
H5,20,AND,Andorra,180632,0,WLD,World,2021,Gross Exports,5.204435
H5,24,AGO,Angola,180632,0,WLD,World,2021,Gross Exports,10.647489
H5,31,AZE,Azerbaijan,180632,0,WLD,World,2021,Gross Exports,6.98818
H5,32,ARG,Argentina,180632,0,WLD,World,2021,Gross Exports,7605.46188
H5,36,AUS,Australia,180632,0,WLD,World,2021,Gross Exports,29328.35436
H5,40,AUT,Austria,180632,0,WLD,World,2021,Gross Exports,199454.5902
H5,48,BHR,Bahrain,180632,0,WLD,World,2021,Gross Exports,409.783031
H5,51,ARM,Armenia,180632,0,WLD,World,2021,Gross Exports,497.84502
H5,52,BRB,Barbados,180632,0,WLD,World,2021,Gross Exports,49.972
H5,56,BEL,Belgium,180632,0,WLD,World,2021,Gross Exports,250972.9435
H5,68,BOL,Bolivia,180632,0,WLD,World,2021,Gross Exports,44.66521
H5,70,BIH,Bosnia Herzg,180632,0,WLD,World,2021,Gross Exports,4147.86386
H5,72,BWA,Botswana,180632,0,WLD,World,2021,Gross Exports,0.020289
H5,76,BRA,Brazil,180632,0,WLD,World,2021,Gross Exports,25672.575
H5,84,BLZ,Belize,180632,0,WLD,World,2021,Gross Exports,46.869045
H5,96,BRN,Brunei Darsm,180632,0,WLD,World,2021,Gross Exports,32.98057
H5,97,EUN,European Union,180632,0,WLD,World,2021,Gross Exports,1424689.105
H5,100,BGR,Bulgaria,180632,0,WLD,World,2021,Gross Exports,90452.5126
H5,112,BLR,Belarus,180632,0,WLD,World,2021,Gross Exports,26987.8
H5,120,CMR,Cameroon,180632,0,WLD,World,2021,Gross Exports,972.85462
H5,124,CAN,Canada,180632,0,WLD,World,2021,Gross Exports,260256.4013
H5,132,CPV,Cape Verde,180632,0,WLD,World,2021,Gross Exports,8.842896
H5,144,LKA,Sri Lanka,180632,0,WLD,World,2021,Gross Exports,35.23705767
H5,152,CHL,Chile,180632,0,WLD,World,2021,Gross Exports,2920.794
H5,156,CHN,China,180632,0,WLD,World,2021,Gross Exports,33156.696
H5,170,COL,Colombia,180632,0,WLD,World,2021,Gross Exports,20339.62394
H5,188,CRI,Costa Rica,180632,0,WLD,World,2021,Gross Exports,1928.5048
H5,191,HRV,Croatia,180632,0,WLD,World,2021,Gross Exports,79520.486
H5,196,CYP,Cyprus,180632,0,WLD,World,2021,Gross Exports,45.113264
H5,203,CZE,Czech Rep,180632,0,WLD,World,2021,Gross Exports,62268.859
H5,204,BEN,Benin,180632,0,WLD,World,2021,Gross Exports,0.604035
H5,208,DNK,Denmark,180632,0,WLD,World,2021,Gross Exports,29559.53171
H5,214,DOM,Dominican Rp,180632,0,WLD,World,2021,Gross Exports,2808.306951
H5,218,ECU,Ecuador,180632,0,WLD,World,2021,Gross Exports,1339.090059
H5,222,SLV,El Salvador,180632,0,WLD,World,2021,Gross Exports,1644.0507
H5,233,EST,Estonia,180632,0,WLD,World,2021,Gross Exports,6234.04848
H5,246,FIN,Finland,180632,0,WLD,World,2021,Gross Exports,12897.42471
H5,251,FRA,France+Monac,180632,0,WLD,World,2021,Gross Exports,242476.1634
H5,266,GAB,Gabon,180632,0,WLD,World,2021,Gross Exports,10.512034
H5,268,GEO,Georgia,180632,0,WLD,World,2021,Gross Exports,381.38083
H5,276,DEU,Germany,180632,0,WLD,World,2021,Gross Exports,1515177.393
H5,288,GHA,Ghana,180632,0,WLD,World,2021,Gross Exports,131.997446
H5,300,GRC,Greece,180632,0,WLD,World,2021,Gross Exports,16226.86234
H5,320,GTM,Guatemala,180632,0,WLD,World,2021,Gross Exports,354.688
H5,340,HND,Honduras,180632,0,WLD,World,2021,Gross Exports,5.70276
H5,344,HKG,Hong Kong,180632,0,WLD,World,2021,Gross Exports,9630.199556
H5,348,HUN,Hungary,180632,0,WLD,World,2021,Gross Exports,46954.964
H5,352,ISL,Iceland,180632,0,WLD,World,2021,Gross Exports,742.4366539
H5,360,IDN,Indonesia,180632,0,WLD,World,2021,Gross Exports,793.05747
H5,372,IRL,Ireland,180632,0,WLD,World,2021,Gross Exports,132346.196
H5,376,ISR,Israel,180632,0,WLD,World,2021,Gross Exports,2697
H5,380,ITA,Italy,180632,0,WLD,World,2021,Gross Exports,102517.7952
H5,384,CIV,Cote Divoire,180632,0,WLD,World,2021,Gross Exports,102.535679
H5,388,JAM,Jamaica,180632,0,WLD,World,2021,Gross Exports,16.66979
H5,392,JPN,Japan,180632,0,WLD,World,2021,Gross Exports,59387.53751
H5,398,KAZ,Kazakhstan,180632,0,WLD,World,2021,Gross Exports,5864.21983
H5,400,JOR,Jordan,180632,0,WLD,World,2021,Gross Exports,567.8649983
H5,404,KEN,Kenya,180632,0,WLD,World,2021,Gross Exports,45.35225728
H5,410,KOR,Korea Rep.,180632,0,WLD,World,2021,Gross Exports,7023.116
H5,414,KWT,Kuwait,180632,0,WLD,World,2021,Gross Exports,130.754
H5,417,KGZ,Kyrgyzstan,180632,0,WLD,World,2021,Gross Exports,62.851
H5,422,LBN,Lebanon,180632,0,WLD,World,2021,Gross Exports,59.415
H5,426,LSO,Lesotho,180632,0,WLD,World,2021,Gross Exports,0.649307749
H5,428,LVA,Latvia,180632,0,WLD,World,2021,Gross Exports,7544.409483
H5,440,LTU,Lithuania,180632,0,WLD,World,2021,Gross Exports,34007.822
H5,442,LUX,Luxemberg,180632,0,WLD,World,2021,Gross Exports,644.2792503
H5,450,MDG,Madagascar,180632,0,WLD,World,2021,Gross Exports,2799.203804
H5,458,MYS,Malaysia,180632,0,WLD,World,2021,Gross Exports,65482.37271
H5,470,MLT,Malta,180632,0,WLD,World,2021,Gross Exports,5.829727
H5,480,MUS,Mauritius,180632,0,WLD,World,2021,Gross Exports,0.313584335
H5,484,MEX,Mexico,180632,0,WLD,World,2021,Gross Exports,99965.528
H5,490,OAS,Asia Othr.ns,180632,0,WLD,World,2021,Gross Exports,1144.301299
H5,496,MNG,Mongolia,180632,0,WLD,World,2021,Gross Exports,0.01377
H5,498,MDA,Rep.Moldova,180632,0,WLD,World,2021,Gross Exports,221.069
H5,499,MNT,Montenegro,180632,0,WLD,World,2021,Gross Exports,526.8200077
H5,504,MAR,Morocco,180632,0,WLD,World,2021,Gross Exports,1962.992804
H5,508,MOZ,Mozambique,180632,0,WLD,World,2021,Gross Exports,0.71465
H5,512,OMN,Oman,180632,0,WLD,World,2021,Gross Exports,7536.018194
H5,516,NAM,Namibia,180632,0,WLD,World,2021,Gross Exports,3.177149
H5,528,NLD,Netherlands,180632,0,WLD,World,2021,Gross Exports,148312.2783
H5,554,NZL,New Zealand,180632,0,WLD,World,2021,Gross Exports,38292.65156
H5,558,NIC,Nicaragua,180632,0,WLD,World,2021,Gross Exports,43.88994
H5,579,NOR,"Norway,Sb,JM",180632,0,WLD,World,2021,Gross Exports,4808.223177
H5,591,PAN,Panama,180632,0,WLD,World,2021,Gross Exports,20.113
H5,604,PER,Peru,180632,0,WLD,World,2021,Gross Exports,5082.69693
H5,608,PHL,Philippines,180632,0,WLD,World,2021,Gross Exports,1165.343
H5,616,POL,Poland,180632,0,WLD,World,2021,Gross Exports,332956.452
H5,620,PRT,Portugal,180632,0,WLD,World,2021,Gross Exports,11963.24319
H5,642,ROM,Romania,180632,0,WLD,World,2021,Gross Exports,12031.42718
H5,643,RUS,Russian Fed,180632,0,WLD,World,2021,Gross Exports,86273.15595
H5,682,SAU,Saudi Arabia,180632,0,WLD,World,2021,Gross Exports,282.657326
H5,686,SEN,Senegal,180632,0,WLD,World,2021,Gross Exports,74.30665357
H5,688,SER,Yugoslavia,180632,0,WLD,World,2021,Gross Exports,22646.389
H5,699,IND,India,180632,0,WLD,World,2021,Gross Exports,8998.364621
H5,702,SGP,Singapore,180632,0,WLD,World,2021,Gross Exports,67559.55182
H5,703,SVK,Slovakia,180632,0,WLD,World,2021,Gross Exports,53697.30777
H5,704,VNM,Viet Nam,180632,0,WLD,World,2021,Gross Exports,4351.441114
H5,705,SVN,Slovenia,180632,0,WLD,World,2021,Gross Exports,3941.950183
H5,710,ZAF,South Africa,180632,0,WLD,World,2021,Gross Exports,13631.30722
H5,724,ESP,Spain,180632,0,WLD,World,2021,Gross Exports,194332.3987
H5,748,SWZ,Swaziland,180632,0,WLD,World,2021,Gross Exports,0.14245
H5,752,SWE,Sweden,180632,0,WLD,World,2021,Gross Exports,80443.95932
H5,757,CHE,Switz.Liecht,180632,0,WLD,World,2021,Gross Exports,479455.1696
H5,764,THA,Thailand,180632,0,WLD,World,2021,Gross Exports,486.791956
H5,768,TGO,Togo,180632,0,WLD,World,2021,Gross Exports,115.027421
H5,784,ARE,Untd Arab Em,180632,0,WLD,World,2021,Gross Exports,137785.4456
H5,788,TUN,Tunisia,180632,0,WLD,World,2021,Gross Exports,8305.083848
H5,792,TUR,Turkey,180632,0,WLD,World,2021,Gross Exports,92928.359
H5,800,UGA,Uganda,180632,0,WLD,World,2021,Gross Exports,42.33447
H5,804,UKR,Ukraine,180632,0,WLD,World,2021,Gross Exports,47870.44734
H5,807,MKD,TFYR Macedna,180632,0,WLD,World,2021,Gross Exports,1146.61293
H5,826,GBR,Untd.Kingdom,180632,0,WLD,World,2021,Gross Exports,160102.8392
H5,842,USA,"USA,PR,USVI",180632,0,WLD,World,2021,Gross Exports,153495.396
H5,854,BFA,Burkina Faso,180632,0,WLD,World,2021,Gross Exports,0.43140103
H5,858,URY,Uruguay,180632,0,WLD,World,2021,Gross Exports,11.065
H5,860,UZB,Uzbekistan,180632,0,WLD,World,2021,Gross Exports,968.35499
H5,894,ZMB,Zambia,180632,0,WLD,World,2021,Gross Exports,1.642537
H5,24,AGO,Angola,180631,0,WLD,World,2021,Gross Exports,6.144421
H5,31,AZE,Azerbaijan,180631,0,WLD,World,2021,Gross Exports,32.73769
H5,32,ARG,Argentina,180631,0,WLD,World,2021,Gross Exports,307.55556
H5,36,AUS,Australia,180631,0,WLD,World,2021,Gross Exports,38456.9665
H5,40,AUT,Austria,180631,0,WLD,World,2021,Gross Exports,206413.8886
H5,48,BHR,Bahrain,180631,0,WLD,World,2021,Gross Exports,897.470795
H5,51,ARM,Armenia,180631,0,WLD,World,2021,Gross Exports,977.68893
H5,52,BRB,Barbados,180631,0,WLD,World,2021,Gross Exports,147.737
H5,56,BEL,Belgium,180631,0,WLD,World,2021,Gross Exports,125856.4628
H5,68,BOL,Bolivia,180631,0,WLD,World,2021,Gross Exports,341.24254
H5,70,BIH,Bosnia Herzg,180631,0,WLD,World,2021,Gross Exports,1183.1099
H5,72,BWA,Botswana,180631,0,WLD,World,2021,Gross Exports,0.116619
H5,76,BRA,Brazil,180631,0,WLD,World,2021,Gross Exports,7189.513
H5,84,BLZ,Belize,180631,0,WLD,World,2021,Gross Exports,11.98395
H5,96,BRN,Brunei Darsm,180631,0,WLD,World,2021,Gross Exports,103.30919
H5,97,EUN,European Union,180631,0,WLD,World,2021,Gross Exports,1239879.846
H5,100,BGR,Bulgaria,180631,0,WLD,World,2021,Gross Exports,46814.12464
H5,112,BLR,Belarus,180631,0,WLD,World,2021,Gross Exports,36647.5
H5,120,CMR,Cameroon,180631,0,WLD,World,2021,Gross Exports,769.72093
H5,124,CAN,Canada,180631,0,WLD,World,2021,Gross Exports,233866.6044
H5,132,CPV,Cape Verde,180631,0,WLD,World,2021,Gross Exports,69.007562
H5,144,LKA,Sri Lanka,180631,0,WLD,World,2021,Gross Exports,1557.215397
H5,152,CHL,Chile,180631,0,WLD,World,2021,Gross Exports,4079.475001
H5,156,CHN,China,180631,0,WLD,World,2021,Gross Exports,73833.467
H5,170,COL,Colombia,180631,0,WLD,World,2021,Gross Exports,6738.49702
H5,188,CRI,Costa Rica,180631,0,WLD,World,2021,Gross Exports,1167.6629
H5,191,HRV,Croatia,180631,0,WLD,World,2021,Gross Exports,100208.223
H5,196,CYP,Cyprus,180631,0,WLD,World,2021,Gross Exports,93.149079
H5,203,CZE,Czech Rep,180631,0,WLD,World,2021,Gross Exports,60213.044
H5,208,DNK,Denmark,180631,0,WLD,World,2021,Gross Exports,40218.86327
H5,214,DOM,Dominican Rp,180631,0,WLD,World,2021,Gross Exports,246.24934
H5,218,ECU,Ecuador,180631,0,WLD,World,2021,Gross Exports,133.64936
H5,222,SLV,El Salvador,180631,0,WLD,World,2021,Gross Exports,12.09775
H5,233,EST,Estonia,180631,0,WLD,World,2021,Gross Exports,2066.14553
H5,242,FJI,Fiji,180631,0,WLD,World,2021,Gross Exports,2.07714223
H5,246,FIN,Finland,180631,0,WLD,World,2021,Gross Exports,9042.068594
H5,251,FRA,France+Monac,180631,0,WLD,World,2021,Gross Exports,91554.21597
H5,258,PYF,Fr.Polynesia,180631,0,WLD,World,2021,Gross Exports,10.683158
H5,266,GAB,Gabon,180631,0,WLD,World,2021,Gross Exports,1.091951
H5,268,GEO,Georgia,180631,0,WLD,World,2021,Gross Exports,312.93874
H5,276,DEU,Germany,180631,0,WLD,World,2021,Gross Exports,1159004.134
H5,288,GHA,Ghana,180631,0,WLD,World,2021,Gross Exports,30.641906
H5,300,GRC,Greece,180631,0,WLD,World,2021,Gross Exports,6322.204677
H5,320,GTM,Guatemala,180631,0,WLD,World,2021,Gross Exports,163.992
H5,328,GUY,Guyana,180631,0,WLD,World,2021,Gross Exports,0.004
H5,344,HKG,Hong Kong,180631,0,WLD,World,2021,Gross Exports,10629.55188
H5,348,HUN,Hungary,180631,0,WLD,World,2021,Gross Exports,66366.607
H5,352,ISL,Iceland,180631,0,WLD,World,2021,Gross Exports,592.821685
H5,360,IDN,Indonesia,180631,0,WLD,World,2021,Gross Exports,2094.51404
H5,364,IRN,Iran-Islam.R,180631,0,WLD,World,2021,Gross Exports,0.251
H5,372,IRL,Ireland,180631,0,WLD,World,2021,Gross Exports,35503.43003
H5,376,ISR,Israel,180631,0,WLD,World,2021,Gross Exports,980
H5,380,ITA,Italy,180631,0,WLD,World,2021,Gross Exports,194978.1701
H5,384,CIV,Cote Divoire,180631,0,WLD,World,2021,Gross Exports,5.699538
H5,388,JAM,Jamaica,180631,0,WLD,World,2021,Gross Exports,0.5151
H5,392,JPN,Japan,180631,0,WLD,World,2021,Gross Exports,24212.20842
H5,398,KAZ,Kazakhstan,180631,0,WLD,World,2021,Gross Exports,3293.37529
H5,400,JOR,Jordan,180631,0,WLD,World,2021,Gross Exports,1673.290094
H5,404,KEN,Kenya,180631,0,WLD,World,2021,Gross Exports,44.52504722
H5,410,KOR,Korea Rep.,180631,0,WLD,World,2021,Gross Exports,5386.396
H5,414,KWT,Kuwait,180631,0,WLD,World,2021,Gross Exports,436.189
H5,417,KGZ,Kyrgyzstan,180631,0,WLD,World,2021,Gross Exports,1439.668
H5,422,LBN,Lebanon,180631,0,WLD,World,2021,Gross Exports,10716.492
H5,426,LSO,Lesotho,180631,0,WLD,World,2021,Gross Exports,0.285792816
H5,428,LVA,Latvia,180631,0,WLD,World,2021,Gross Exports,11289.69387
H5,440,LTU,Lithuania,180631,0,WLD,World,2021,Gross Exports,39794.174
H5,442,LUX,Luxemberg,180631,0,WLD,World,2021,Gross Exports,1391.944705
H5,446,MAC,Macau,180631,0,WLD,World,2021,Gross Exports,14.38093033
H5,450,MDG,Madagascar,180631,0,WLD,World,2021,Gross Exports,42.130787
H5,458,MYS,Malaysia,180631,0,WLD,World,2021,Gross Exports,33358.32305
H5,470,MLT,Malta,180631,0,WLD,World,2021,Gross Exports,153.874514
H5,478,MRT,Mauritania,180631,0,WLD,World,2021,Gross Exports,14.67705
H5,480,MUS,Mauritius,180631,0,WLD,World,2021,Gross Exports,17.15093324
H5,484,MEX,Mexico,180631,0,WLD,World,2021,Gross Exports,9013.895
H5,490,OAS,Asia Othr.ns,180631,0,WLD,World,2021,Gross Exports,1164.675785
H5,498,MDA,Rep.Moldova,180631,0,WLD,World,2021,Gross Exports,157.842
H5,499,MNT,Montenegro,180631,0,WLD,World,2021,Gross Exports,17.88007921
H5,504,MAR,Morocco,180631,0,WLD,World,2021,Gross Exports,188.1443976
H5,508,MOZ,Mozambique,180631,0,WLD,World,2021,Gross Exports,371.115273
H5,512,OMN,Oman,180631,0,WLD,World,2021,Gross Exports,5234.691799
H5,516,NAM,Namibia,180631,0,WLD,World,2021,Gross Exports,7.214686
H5,528,NLD,Netherlands,180631,0,WLD,World,2021,Gross Exports,838735.9727
H5,554,NZL,New Zealand,180631,0,WLD,World,2021,Gross Exports,8452.210321
H5,558,NIC,Nicaragua,180631,0,WLD,World,2021,Gross Exports,12.24741
H5,579,NOR,"Norway,Sb,JM",180631,0,WLD,World,2021,Gross Exports,1109.583534
H5,586,PAK,Pakistan,180631,0,WLD,World,2021,Gross Exports,0.747233467
H5,591,PAN,Panama,180631,0,WLD,World,2021,Gross Exports,44.986
H5,600,PRY,Paraguay,180631,0,WLD,World,2021,Gross Exports,18.602
H5,604,PER,Peru,180631,0,WLD,World,2021,Gross Exports,862.53088
H5,608,PHL,Philippines,180631,0,WLD,World,2021,Gross Exports,456.529
H5,616,POL,Poland,180631,0,WLD,World,2021,Gross Exports,262060.022
H5,620,PRT,Portugal,180631,0,WLD,World,2021,Gross Exports,4751.980901
H5,642,ROM,Romania,180631,0,WLD,World,2021,Gross Exports,28374.70807
H5,643,RUS,Russian Fed,180631,0,WLD,World,2021,Gross Exports,169089.0517
H5,682,SAU,Saudi Arabia,180631,0,WLD,World,2021,Gross Exports,1865.54662
H5,686,SEN,Senegal,180631,0,WLD,World,2021,Gross Exports,66.65193346
H5,688,SER,Yugoslavia,180631,0,WLD,World,2021,Gross Exports,10750.809
H5,699,IND,India,180631,0,WLD,World,2021,Gross Exports,5662.326762
H5,702,SGP,Singapore,180631,0,WLD,World,2021,Gross Exports,35628.11404
H5,703,SVK,Slovakia,180631,0,WLD,World,2021,Gross Exports,35600.79794
H5,704,VNM,Viet Nam,180631,0,WLD,World,2021,Gross Exports,94.6438844
H5,705,SVN,Slovenia,180631,0,WLD,World,2021,Gross Exports,3785.675897
H5,710,ZAF,South Africa,180631,0,WLD,World,2021,Gross Exports,13548.35068
H5,724,ESP,Spain,180631,0,WLD,World,2021,Gross Exports,62582.73128
H5,748,SWZ,Swaziland,180631,0,WLD,World,2021,Gross Exports,0.07863
H5,752,SWE,Sweden,180631,0,WLD,World,2021,Gross Exports,98536.16352
H5,757,CHE,Switz.Liecht,180631,0,WLD,World,2021,Gross Exports,46878.03495
H5,764,THA,Thailand,180631,0,WLD,World,2021,Gross Exports,803.175881
H5,768,TGO,Togo,180631,0,WLD,World,2021,Gross Exports,63.85211
H5,784,ARE,Untd Arab Em,180631,0,WLD,World,2021,Gross Exports,133645.8343
H5,788,TUN,Tunisia,180631,0,WLD,World,2021,Gross Exports,3247.953894
H5,792,TUR,Turkey,180631,0,WLD,World,2021,Gross Exports,146090.869
H5,800,UGA,Uganda,180631,0,WLD,World,2021,Gross Exports,30.54092
H5,804,UKR,Ukraine,180631,0,WLD,World,2021,Gross Exports,31519.41131
H5,807,MKD,TFYR Macedna,180631,0,WLD,World,2021,Gross Exports,2711.97684
H5,826,GBR,Untd.Kingdom,180631,0,WLD,World,2021,Gross Exports,142668.6965
H5,834,TZA,Tanzania,180631,0,WLD,World,2021,Gross Exports,22.95827
H5,842,USA,"USA,PR,USVI",180631,0,WLD,World,2021,Gross Exports,140969.773
H5,858,URY,Uruguay,180631,0,WLD,World,2021,Gross Exports,23.518
H5,860,UZB,Uzbekistan,180631,0,WLD,World,2021,Gross Exports,814.09294
H5,882,WSM,Samoa,180631,0,WLD,World,2021,Gross Exports,87.56658932
H5,894,ZMB,Zambia,180631,0,WLD,World,2021,Gross Exports,1.553905
H5,8,ALB,Albania,180632,0,WLD,World,2020,Gross Exports,23.37068061
H5,20,AND,Andorra,180632,0,WLD,World,2020,Gross Exports,0.028938
H5,24,AGO,Angola,180632,0,WLD,World,2020,Gross Exports,16.331348
H5,31,AZE,Azerbaijan,180632,0,WLD,World,2020,Gross Exports,30.56862
H5,32,ARG,Argentina,180632,0,WLD,World,2020,Gross Exports,4996.03425
H5,36,AUS,Australia,180632,0,WLD,World,2020,Gross Exports,37010.58591
H5,40,AUT,Austria,180632,0,WLD,World,2020,Gross Exports,158426.0537
H5,48,BHR,Bahrain,180632,0,WLD,World,2020,Gross Exports,495.17984
H5,51,ARM,Armenia,180632,0,WLD,World,2020,Gross Exports,318.82373
H5,56,BEL,Belgium,180632,0,WLD,World,2020,Gross Exports,225846.4069
H5,68,BOL,Bolivia,180632,0,WLD,World,2020,Gross Exports,90.27259
H5,70,BIH,Bosnia Herzg,180632,0,WLD,World,2020,Gross Exports,4354.46228
H5,76,BRA,Brazil,180632,0,WLD,World,2020,Gross Exports,23032.192
H5,96,BRN,Brunei Darsm,180632,0,WLD,World,2020,Gross Exports,53.3734
H5,97,EUN,European Union,180632,0,WLD,World,2020,Gross Exports,1294182.018
H5,100,BGR,Bulgaria,180632,0,WLD,World,2020,Gross Exports,83166.04061
H5,104,MMR,Myanmar,180632,0,WLD,World,2020,Gross Exports,2.15108
H5,112,BLR,Belarus,180632,0,WLD,World,2020,Gross Exports,15832.5
H5,120,CMR,Cameroon,180632,0,WLD,World,2020,Gross Exports,1654.94302
H5,124,CAN,Canada,180632,0,WLD,World,2020,Gross Exports,211429.0915
H5,144,LKA,Sri Lanka,180632,0,WLD,World,2020,Gross Exports,24.29624996
H5,152,CHL,Chile,180632,0,WLD,World,2020,Gross Exports,2137.72158
H5,156,CHN,China,180632,0,WLD,World,2020,Gross Exports,29748.85
H5,170,COL,Colombia,180632,0,WLD,World,2020,Gross Exports,16472.22852
H5,188,CRI,Costa Rica,180632,0,WLD,World,2020,Gross Exports,1279.5859
H5,191,HRV,Croatia,180632,0,WLD,World,2020,Gross Exports,73582.194
H5,196,CYP,Cyprus,180632,0,WLD,World,2020,Gross Exports,77.39862755
H5,203,CZE,Czech Rep,180632,0,WLD,World,2020,Gross Exports,54168.308
H5,208,DNK,Denmark,180632,0,WLD,World,2020,Gross Exports,23001.44271
H5,214,DOM,Dominican Rp,180632,0,WLD,World,2020,Gross Exports,1681.34726
H5,218,ECU,Ecuador,180632,0,WLD,World,2020,Gross Exports,1131.25213
H5,222,SLV,El Salvador,180632,0,WLD,World,2020,Gross Exports,2295.61143
H5,233,EST,Estonia,180632,0,WLD,World,2020,Gross Exports,5642.11397
H5,246,FIN,Finland,180632,0,WLD,World,2020,Gross Exports,12130.78057
H5,251,FRA,France+Monac,180632,0,WLD,World,2020,Gross Exports,216757.8427
H5,258,PYF,Fr.Polynesia,180632,0,WLD,World,2020,Gross Exports,0.068760936
H5,268,GEO,Georgia,180632,0,WLD,World,2020,Gross Exports,364.61533
H5,276,DEU,Germany,180632,0,WLD,World,2020,Gross Exports,1384646.711
H5,300,GRC,Greece,180632,0,WLD,World,2020,Gross Exports,10321.3525
H5,320,GTM,Guatemala,180632,0,WLD,World,2020,Gross Exports,249.978
H5,340,HND,Honduras,180632,0,WLD,World,2020,Gross Exports,3.49916
H5,344,HKG,Hong Kong,180632,0,WLD,World,2020,Gross Exports,5117.795958
H5,348,HUN,Hungary,180632,0,WLD,World,2020,Gross Exports,28729.257
H5,352,ISL,Iceland,180632,0,WLD,World,2020,Gross Exports,880.311237
H5,360,IDN,Indonesia,180632,0,WLD,World,2020,Gross Exports,813.771184
H5,372,IRL,Ireland,180632,0,WLD,World,2020,Gross Exports,159626.7773
H5,376,ISR,Israel,180632,0,WLD,World,2020,Gross Exports,1888
H5,380,ITA,Italy,180632,0,WLD,World,2020,Gross Exports,100506.9237
H5,384,CIV,Cote Divoire,180632,0,WLD,World,2020,Gross Exports,105.50823
H5,388,JAM,Jamaica,180632,0,WLD,World,2020,Gross Exports,21.47707
H5,392,JPN,Japan,180632,0,WLD,World,2020,Gross Exports,41888.11308
H5,398,KAZ,Kazakhstan,180632,0,WLD,World,2020,Gross Exports,7588.14284
H5,400,JOR,Jordan,180632,0,WLD,World,2020,Gross Exports,177.7056711
H5,404,KEN,Kenya,180632,0,WLD,World,2020,Gross Exports,302.158266
H5,410,KOR,Korea Rep.,180632,0,WLD,World,2020,Gross Exports,5245.423
H5,414,KWT,Kuwait,180632,0,WLD,World,2020,Gross Exports,90.378
H5,417,KGZ,Kyrgyzstan,180632,0,WLD,World,2020,Gross Exports,0.425
H5,422,LBN,Lebanon,180632,0,WLD,World,2020,Gross Exports,172.574
H5,428,LVA,Latvia,180632,0,WLD,World,2020,Gross Exports,6324.019991
H5,440,LTU,Lithuania,180632,0,WLD,World,2020,Gross Exports,33746.204
H5,442,LUX,Luxemberg,180632,0,WLD,World,2020,Gross Exports,235.1024516
H5,446,MAC,Macau,180632,0,WLD,World,2020,Gross Exports,44.55277548
H5,450,MDG,Madagascar,180632,0,WLD,World,2020,Gross Exports,2548.50096
H5,458,MYS,Malaysia,180632,0,WLD,World,2020,Gross Exports,63732.69554
H5,470,MLT,Malta,180632,0,WLD,World,2020,Gross Exports,0.182751
H5,490,OAS,Asia Othr.ns,180632,0,WLD,World,2020,Gross Exports,1508.694481
H5,496,MNG,Mongolia,180632,0,WLD,World,2020,Gross Exports,1.28092
H5,498,MDA,Rep.Moldova,180632,0,WLD,World,2020,Gross Exports,166.488
H5,499,MNT,Montenegro,180632,0,WLD,World,2020,Gross Exports,719.716593
H5,504,MAR,Morocco,180632,0,WLD,World,2020,Gross Exports,1086.405492
H5,508,MOZ,Mozambique,180632,0,WLD,World,2020,Gross Exports,0.33016
H5,512,OMN,Oman,180632,0,WLD,World,2020,Gross Exports,8012.53764
H5,516,NAM,Namibia,180632,0,WLD,World,2020,Gross Exports,2.304004
H5,528,NLD,Netherlands,180632,0,WLD,World,2020,Gross Exports,97648.37143
H5,554,NZL,New Zealand,180632,0,WLD,World,2020,Gross Exports,29015.97243
H5,558,NIC,Nicaragua,180632,0,WLD,World,2020,Gross Exports,11.54142
H5,579,NOR,"Norway,Sb,JM",180632,0,WLD,World,2020,Gross Exports,5152.878922
H5,591,PAN,Panama,180632,0,WLD,World,2020,Gross Exports,1324.169
H5,598,PNG,Papua N.Guin,180632,0,WLD,World,2020,Gross Exports,15.54355
H5,604,PER,Peru,180632,0,WLD,World,2020,Gross Exports,3606.05835
H5,608,PHL,Philippines,180632,0,WLD,World,2020,Gross Exports,204.11
H5,616,POL,Poland,180632,0,WLD,World,2020,Gross Exports,336613.26
H5,620,PRT,Portugal,180632,0,WLD,World,2020,Gross Exports,9848.007059
H5,642,ROM,Romania,180632,0,WLD,World,2020,Gross Exports,14709.13997
H5,643,RUS,Russian Fed,180632,0,WLD,World,2020,Gross Exports,73423.04284
H5,686,SEN,Senegal,180632,0,WLD,World,2020,Gross Exports,290.1320656
H5,688,SER,Yugoslavia,180632,0,WLD,World,2020,Gross Exports,18549.596
H5,699,IND,India,180632,0,WLD,World,2020,Gross Exports,6664.275009
H5,702,SGP,Singapore,180632,0,WLD,World,2020,Gross Exports,54593.56085
H5,703,SVK,Slovakia,180632,0,WLD,World,2020,Gross Exports,49712.03523
H5,704,VNM,Viet Nam,180632,0,WLD,World,2020,Gross Exports,3867.832388
H5,705,SVN,Slovenia,180632,0,WLD,World,2020,Gross Exports,3496.29658
H5,710,ZAF,South Africa,180632,0,WLD,World,2020,Gross Exports,9814.766424
H5,724,ESP,Spain,180632,0,WLD,World,2020,Gross Exports,164669.8305
H5,748,SWZ,Swaziland,180632,0,WLD,World,2020,Gross Exports,0.15215
H5,752,SWE,Sweden,180632,0,WLD,World,2020,Gross Exports,69317.00739
H5,757,CHE,Switz.Liecht,180632,0,WLD,World,2020,Gross Exports,434633.0932
H5,764,THA,Thailand,180632,0,WLD,World,2020,Gross Exports,1193.619335
H5,768,TGO,Togo,180632,0,WLD,World,2020,Gross Exports,64.206248
H5,784,ARE,Untd Arab Em,180632,0,WLD,World,2020,Gross Exports,146314.6806
H5,788,TUN,Tunisia,180632,0,WLD,World,2020,Gross Exports,10860.40679
H5,792,TUR,Turkey,180632,0,WLD,World,2020,Gross Exports,70421.636
H5,800,UGA,Uganda,180632,0,WLD,World,2020,Gross Exports,107.565
H5,804,UKR,Ukraine,180632,0,WLD,World,2020,Gross Exports,46655.70794
H5,807,MKD,TFYR Macedna,180632,0,WLD,World,2020,Gross Exports,783.02451
H5,826,GBR,Untd.Kingdom,180632,0,WLD,World,2020,Gross Exports,163223.9667
H5,834,TZA,Tanzania,180632,0,WLD,World,2020,Gross Exports,2.814
H5,842,USA,"USA,PR,USVI",180632,0,WLD,World,2020,Gross Exports,146411.456
H5,854,BFA,Burkina Faso,180632,0,WLD,World,2020,Gross Exports,10.94253958
H5,858,URY,Uruguay,180632,0,WLD,World,2020,Gross Exports,2.247
H5,860,UZB,Uzbekistan,180632,0,WLD,World,2020,Gross Exports,499.90798
H5,894,ZMB,Zambia,180632,0,WLD,World,2020,Gross Exports,58.621146
H5,24,AGO,Angola,180631,0,WLD,World,2020,Gross Exports,9.083411
H5,31,AZE,Azerbaijan,180631,0,WLD,World,2020,Gross Exports,23.34106
H5,32,ARG,Argentina,180631,0,WLD,World,2020,Gross Exports,585.12056
H5,36,AUS,Australia,180631,0,WLD,World,2020,Gross Exports,27910.19857
H5,40,AUT,Austria,180631,0,WLD,World,2020,Gross Exports,181783.8293
H5,48,BHR,Bahrain,180631,0,WLD,World,2020,Gross Exports,325.88904
H5,51,ARM,Armenia,180631,0,WLD,World,2020,Gross Exports,329.24472
H5,52,BRB,Barbados,180631,0,WLD,World,2020,Gross Exports,0.1145
H5,56,BEL,Belgium,180631,0,WLD,World,2020,Gross Exports,99142.78005
H5,68,BOL,Bolivia,180631,0,WLD,World,2020,Gross Exports,154.94329
H5,70,BIH,Bosnia Herzg,180631,0,WLD,World,2020,Gross Exports,1336.79718
H5,72,BWA,Botswana,180631,0,WLD,World,2020,Gross Exports,0.0251
H5,76,BRA,Brazil,180631,0,WLD,World,2020,Gross Exports,5900.141
H5,96,BRN,Brunei Darsm,180631,0,WLD,World,2020,Gross Exports,0.05478
H5,97,EUN,European Union,180631,0,WLD,World,2020,Gross Exports,1041658.756
H5,100,BGR,Bulgaria,180631,0,WLD,World,2020,Gross Exports,41598.57002
H5,104,MMR,Myanmar,180631,0,WLD,World,2020,Gross Exports,0.2296
H5,112,BLR,Belarus,180631,0,WLD,World,2020,Gross Exports,28665.3
H5,120,CMR,Cameroon,180631,0,WLD,World,2020,Gross Exports,154.73636
H5,124,CAN,Canada,180631,0,WLD,World,2020,Gross Exports,197563.6627
H5,144,LKA,Sri Lanka,180631,0,WLD,World,2020,Gross Exports,342.0170946
H5,152,CHL,Chile,180631,0,WLD,World,2020,Gross Exports,5007.147005
H5,156,CHN,China,180631,0,WLD,World,2020,Gross Exports,52618.62
H5,170,COL,Colombia,180631,0,WLD,World,2020,Gross Exports,3793.5991
H5,178,COG,Congo,180631,0,WLD,World,2020,Gross Exports,30.86013
H5,188,CRI,Costa Rica,180631,0,WLD,World,2020,Gross Exports,668.54246
H5,191,HRV,Croatia,180631,0,WLD,World,2020,Gross Exports,74886.95
H5,196,CYP,Cyprus,180631,0,WLD,World,2020,Gross Exports,75.75043872
H5,203,CZE,Czech Rep,180631,0,WLD,World,2020,Gross Exports,47182.249
H5,208,DNK,Denmark,180631,0,WLD,World,2020,Gross Exports,32671.66046
H5,214,DOM,Dominican Rp,180631,0,WLD,World,2020,Gross Exports,122.37117
H5,218,ECU,Ecuador,180631,0,WLD,World,2020,Gross Exports,137.077888
H5,222,SLV,El Salvador,180631,0,WLD,World,2020,Gross Exports,17.92434
H5,233,EST,Estonia,180631,0,WLD,World,2020,Gross Exports,1727.29087
H5,246,FIN,Finland,180631,0,WLD,World,2020,Gross Exports,6992.908832
H5,251,FRA,France+Monac,180631,0,WLD,World,2020,Gross Exports,73492.17103
H5,258,PYF,Fr.Polynesia,180631,0,WLD,World,2020,Gross Exports,12.69976287
H5,268,GEO,Georgia,180631,0,WLD,World,2020,Gross Exports,282.34893
H5,276,DEU,Germany,180631,0,WLD,World,2020,Gross Exports,1039942.591
H5,300,GRC,Greece,180631,0,WLD,World,2020,Gross Exports,5024.88228
H5,320,GTM,Guatemala,180631,0,WLD,World,2020,Gross Exports,61.583
H5,340,HND,Honduras,180631,0,WLD,World,2020,Gross Exports,0.17271
H5,344,HKG,Hong Kong,180631,0,WLD,World,2020,Gross Exports,17492.16957
H5,348,HUN,Hungary,180631,0,WLD,World,2020,Gross Exports,72042.989
H5,352,ISL,Iceland,180631,0,WLD,World,2020,Gross Exports,277.3093703
H5,360,IDN,Indonesia,180631,0,WLD,World,2020,Gross Exports,1834.515427
H5,372,IRL,Ireland,180631,0,WLD,World,2020,Gross Exports,26218.56549
H5,376,ISR,Israel,180631,0,WLD,World,2020,Gross Exports,554
H5,380,ITA,Italy,180631,0,WLD,World,2020,Gross Exports,169146.3208
H5,384,CIV,Cote Divoire,180631,0,WLD,World,2020,Gross Exports,6.09746
H5,388,JAM,Jamaica,180631,0,WLD,World,2020,Gross Exports,2.18783
H5,392,JPN,Japan,180631,0,WLD,World,2020,Gross Exports,19529.06341
H5,398,KAZ,Kazakhstan,180631,0,WLD,World,2020,Gross Exports,2468.00773
H5,400,JOR,Jordan,180631,0,WLD,World,2020,Gross Exports,1168.253766
H5,404,KEN,Kenya,180631,0,WLD,World,2020,Gross Exports,56.538732
H5,410,KOR,Korea Rep.,180631,0,WLD,World,2020,Gross Exports,4177.462
H5,414,KWT,Kuwait,180631,0,WLD,World,2020,Gross Exports,160.487
H5,417,KGZ,Kyrgyzstan,180631,0,WLD,World,2020,Gross Exports,706.955
H5,422,LBN,Lebanon,180631,0,WLD,World,2020,Gross Exports,11175.458
H5,426,LSO,Lesotho,180631,0,WLD,World,2020,Gross Exports,1.051150629
H5,428,LVA,Latvia,180631,0,WLD,World,2020,Gross Exports,9167.331004
H5,440,LTU,Lithuania,180631,0,WLD,World,2020,Gross Exports,39832.677
H5,442,LUX,Luxemberg,180631,0,WLD,World,2020,Gross Exports,1340.082519
H5,446,MAC,Macau,180631,0,WLD,World,2020,Gross Exports,5.313012511
H5,450,MDG,Madagascar,180631,0,WLD,World,2020,Gross Exports,6.639271
H5,458,MYS,Malaysia,180631,0,WLD,World,2020,Gross Exports,18970.99973
H5,470,MLT,Malta,180631,0,WLD,World,2020,Gross Exports,544.75896
H5,480,MUS,Mauritius,180631,0,WLD,World,2020,Gross Exports,30.08039146
H5,490,OAS,Asia Othr.ns,180631,0,WLD,World,2020,Gross Exports,1280.252924
H5,496,MNG,Mongolia,180631,0,WLD,World,2020,Gross Exports,37.31305
H5,498,MDA,Rep.Moldova,180631,0,WLD,World,2020,Gross Exports,102.286
H5,499,MNT,Montenegro,180631,0,WLD,World,2020,Gross Exports,1.743559052
H5,504,MAR,Morocco,180631,0,WLD,World,2020,Gross Exports,134.9876364
H5,508,MOZ,Mozambique,180631,0,WLD,World,2020,Gross Exports,24.97436
H5,512,OMN,Oman,180631,0,WLD,World,2020,Gross Exports,2617.490012
H5,516,NAM,Namibia,180631,0,WLD,World,2020,Gross Exports,0.736522
H5,528,NLD,Netherlands,180631,0,WLD,World,2020,Gross Exports,717989.6357
H5,554,NZL,New Zealand,180631,0,WLD,World,2020,Gross Exports,10312.97435
H5,558,NIC,Nicaragua,180631,0,WLD,World,2020,Gross Exports,2.26869
H5,579,NOR,"Norway,Sb,JM",180631,0,WLD,World,2020,Gross Exports,1026.426857
H5,591,PAN,Panama,180631,0,WLD,World,2020,Gross Exports,1526.969
H5,598,PNG,Papua N.Guin,180631,0,WLD,World,2020,Gross Exports,13.112178
H5,600,PRY,Paraguay,180631,0,WLD,World,2020,Gross Exports,0.684
H5,604,PER,Peru,180631,0,WLD,World,2020,Gross Exports,1063.72366
H5,608,PHL,Philippines,180631,0,WLD,World,2020,Gross Exports,48.537
H5,616,POL,Poland,180631,0,WLD,World,2020,Gross Exports,219075.1
H5,620,PRT,Portugal,180631,0,WLD,World,2020,Gross Exports,4572.089515
H5,642,ROM,Romania,180631,0,WLD,World,2020,Gross Exports,22911.99699
H5,643,RUS,Russian Fed,180631,0,WLD,World,2020,Gross Exports,144925.2322
H5,688,SER,Yugoslavia,180631,0,WLD,World,2020,Gross Exports,11479.29
H5,699,IND,India,180631,0,WLD,World,2020,Gross Exports,3675.567018
H5,702,SGP,Singapore,180631,0,WLD,World,2020,Gross Exports,28337.40443
H5,703,SVK,Slovakia,180631,0,WLD,World,2020,Gross Exports,38303.61025
H5,704,VNM,Viet Nam,180631,0,WLD,World,2020,Gross Exports,68.64775
H5,705,SVN,Slovenia,180631,0,WLD,World,2020,Gross Exports,3033.71865
H5,710,ZAF,South Africa,180631,0,WLD,World,2020,Gross Exports,13495.83612
H5,724,ESP,Spain,180631,0,WLD,World,2020,Gross Exports,51183.49243
H5,748,SWZ,Swaziland,180631,0,WLD,World,2020,Gross Exports,0.10401
H5,752,SWE,Sweden,180631,0,WLD,World,2020,Gross Exports,87357.12036
H5,757,CHE,Switz.Liecht,180631,0,WLD,World,2020,Gross Exports,39194.44919
H5,764,THA,Thailand,180631,0,WLD,World,2020,Gross Exports,5974.250254
H5,768,TGO,Togo,180631,0,WLD,World,2020,Gross Exports,12.51423
H5,784,ARE,Untd Arab Em,180631,0,WLD,World,2020,Gross Exports,97899.1419
H5,788,TUN,Tunisia,180631,0,WLD,World,2020,Gross Exports,5111.76663
H5,792,TUR,Turkey,180631,0,WLD,World,2020,Gross Exports,116155.802
H5,800,UGA,Uganda,180631,0,WLD,World,2020,Gross Exports,8.532
H5,804,UKR,Ukraine,180631,0,WLD,World,2020,Gross Exports,26470.49203
H5,807,MKD,TFYR Macedna,180631,0,WLD,World,2020,Gross Exports,1622.6407
H5,826,GBR,Untd.Kingdom,180631,0,WLD,World,2020,Gross Exports,137874.2317
H5,834,TZA,Tanzania,180631,0,WLD,World,2020,Gross Exports,14.34123
H5,842,USA,"USA,PR,USVI",180631,0,WLD,World,2020,Gross Exports,121606.506
H5,858,URY,Uruguay,180631,0,WLD,World,2020,Gross Exports,4.767
H5,860,UZB,Uzbekistan,180631,0,WLD,World,2020,Gross Exports,307.20099
H5,894,ZMB,Zambia,180631,0,WLD,World,2020,Gross Exports,15.732686
H4,24,AGO,Angola,180632,0,WLD,World,2019,Gross Exports,45.098723
H4,32,ARG,Argentina,180632,0,WLD,World,2019,Gross Exports,4666.67947
H4,36,AUS,Australia,180632,0,WLD,World,2019,Gross Exports,61374.78856
H4,40,AUT,Austria,180632,0,WLD,World,2019,Gross Exports,136759.9749
H4,48,BHR,Bahrain,180632,0,WLD,World,2019,Gross Exports,62.75249
H4,51,ARM,Armenia,180632,0,WLD,World,2019,Gross Exports,285.5408
H4,52,BRB,Barbados,180632,0,WLD,World,2019,Gross Exports,31.891
H4,56,BEL,Belgium,180632,0,WLD,World,2019,Gross Exports,247213.1975
H4,68,BOL,Bolivia,180632,0,WLD,World,2019,Gross Exports,87.36587
H4,70,BIH,Bosnia Herzg,180632,0,WLD,World,2019,Gross Exports,2680.64909
H4,72,BWA,Botswana,180632,0,WLD,World,2019,Gross Exports,0.102726
H4,76,BRA,Brazil,180632,0,WLD,World,2019,Gross Exports,25782.228
H4,97,EUN,European Union,180632,0,WLD,World,2019,Gross Exports,865658.5492
H4,100,BGR,Bulgaria,180632,0,WLD,World,2019,Gross Exports,74371.30358
H4,112,BLR,Belarus,180632,0,WLD,World,2019,Gross Exports,16623.1
H4,120,CMR,Cameroon,180632,0,WLD,World,2019,Gross Exports,2079.64633
H4,124,CAN,Canada,180632,0,WLD,World,2019,Gross Exports,206418.7754
H4,132,CPV,Cape Verde,180632,0,WLD,World,2019,Gross Exports,35.35996
H4,144,LKA,Sri Lanka,180632,0,WLD,World,2019,Gross Exports,5.236951941
H4,152,CHL,Chile,180632,0,WLD,World,2019,Gross Exports,3796.440012
H4,156,CHN,China,180632,0,WLD,World,2019,Gross Exports,44711.251
H4,170,COL,Colombia,180632,0,WLD,World,2019,Gross Exports,17549.90473
H4,188,CRI,Costa Rica,180632,0,WLD,World,2019,Gross Exports,1226.13504
H4,191,HRV,Croatia,180632,0,WLD,World,2019,Gross Exports,72685.391
H4,196,CYP,Cyprus,180632,0,WLD,World,2019,Gross Exports,105.833651
H4,203,CZE,Czech Rep,180632,0,WLD,World,2019,Gross Exports,51001.561
H4,204,BEN,Benin,180632,0,WLD,World,2019,Gross Exports,6.935599
H4,208,DNK,Denmark,180632,0,WLD,World,2019,Gross Exports,13251.08296
H4,214,DOM,Dominican Rp,180632,0,WLD,World,2019,Gross Exports,2440.407197
H4,218,ECU,Ecuador,180632,0,WLD,World,2019,Gross Exports,2045.196292
H4,222,SLV,El Salvador,180632,0,WLD,World,2019,Gross Exports,1825.53196
H4,233,EST,Estonia,180632,0,WLD,World,2019,Gross Exports,6006.079874
H4,246,FIN,Finland,180632,0,WLD,World,2019,Gross Exports,13868.24379
H4,251,FRA,France+Monac,180632,0,WLD,World,2019,Gross Exports,199748.8559
H4,268,GEO,Georgia,180632,0,WLD,World,2019,Gross Exports,200.21944
H4,275,PSE,Occ.Pal.Terr,180632,0,WLD,World,2019,Gross Exports,485.71384
H4,276,DEU,Germany,180632,0,WLD,World,2019,Gross Exports,1446584.184
H4,288,GHA,Ghana,180632,0,WLD,World,2019,Gross Exports,1727.277788
H4,300,GRC,Greece,180632,0,WLD,World,2019,Gross Exports,8805.838487
H4,320,GTM,Guatemala,180632,0,WLD,World,2019,Gross Exports,266.544
H4,344,HKG,Hong Kong,180632,0,WLD,World,2019,Gross Exports,10283.09196
H4,348,HUN,Hungary,180632,0,WLD,World,2019,Gross Exports,28095.928
H4,352,ISL,Iceland,180632,0,WLD,World,2019,Gross Exports,527.6925347
H4,360,IDN,Indonesia,180632,0,WLD,World,2019,Gross Exports,7773.252074
H4,364,IRN,Iran-Islam.R,180632,0,WLD,World,2019,Gross Exports,2.507
H4,372,IRL,Ireland,180632,0,WLD,World,2019,Gross Exports,133110.5345
H4,376,ISR,Israel,180632,0,WLD,World,2019,Gross Exports,3357
H4,380,ITA,Italy,180632,0,WLD,World,2019,Gross Exports,85976.40859
H4,384,CIV,Cote Divoire,180632,0,WLD,World,2019,Gross Exports,52.50404123
H4,388,JAM,Jamaica,180632,0,WLD,World,2019,Gross Exports,16.7447939
H4,392,JPN,Japan,180632,0,WLD,World,2019,Gross Exports,42344.8798
H4,398,KAZ,Kazakhstan,180632,0,WLD,World,2019,Gross Exports,7730.08215
H4,400,JOR,Jordan,180632,0,WLD,World,2019,Gross Exports,265.7606192
H4,404,KEN,Kenya,180632,0,WLD,World,2019,Gross Exports,677.48414
H4,410,KOR,Korea Rep.,180632,0,WLD,World,2019,Gross Exports,5058.848
H4,414,KWT,Kuwait,180632,0,WLD,World,2019,Gross Exports,204.962
H4,417,KGZ,Kyrgyzstan,180632,0,WLD,World,2019,Gross Exports,0.311
H4,422,LBN,Lebanon,180632,0,WLD,World,2019,Gross Exports,252.48162
H4,428,LVA,Latvia,180632,0,WLD,World,2019,Gross Exports,6148.792109
H4,440,LTU,Lithuania,180632,0,WLD,World,2019,Gross Exports,28780.608
H4,442,LUX,Luxemberg,180632,0,WLD,World,2019,Gross Exports,187.7394106
H4,446,MAC,Macau,180632,0,WLD,World,2019,Gross Exports,6.269274466
H4,450,MDG,Madagascar,180632,0,WLD,World,2019,Gross Exports,1462.095224
H4,458,MYS,Malaysia,180632,0,WLD,World,2019,Gross Exports,67057.2088
H4,466,MLI,Mali,180632,0,WLD,World,2019,Gross Exports,14.94733
H4,470,MLT,Malta,180632,0,WLD,World,2019,Gross Exports,0.284166447
H4,484,MEX,Mexico,180632,0,WLD,World,2019,Gross Exports,120430.716
H4,490,OAS,Asia Othr.ns,180632,0,WLD,World,2019,Gross Exports,1376.49159
H4,496,MNG,Mongolia,180632,0,WLD,World,2019,Gross Exports,4.35504
H4,498,MDA,Rep.Moldova,180632,0,WLD,World,2019,Gross Exports,364.731
H4,499,MNT,Montenegro,180632,0,WLD,World,2019,Gross Exports,470.3851976
H4,504,MAR,Morocco,180632,0,WLD,World,2019,Gross Exports,1149.516149
H4,508,MOZ,Mozambique,180632,0,WLD,World,2019,Gross Exports,2.06068
H4,512,OMN,Oman,180632,0,WLD,World,2019,Gross Exports,3911.700558
H4,516,NAM,Namibia,180632,0,WLD,World,2019,Gross Exports,57.625746
H4,528,NLD,Netherlands,180632,0,WLD,World,2019,Gross Exports,81704.26079
H4,531,CUW,Curaçao,180632,0,WLD,World,2019,Gross Exports,0.391059
H4,554,NZL,New Zealand,180632,0,WLD,World,2019,Gross Exports,30717.72355
H4,558,NIC,Nicaragua,180632,0,WLD,World,2019,Gross Exports,3.27306
H4,579,NOR,"Norway,Sb,JM",180632,0,WLD,World,2019,Gross Exports,9644.787855
H4,591,PAN,Panama,180632,0,WLD,World,2019,Gross Exports,3243.207
H4,598,PNG,Papua N.Guin,180632,0,WLD,World,2019,Gross Exports,8.651386
H4,604,PER,Peru,180632,0,WLD,World,2019,Gross Exports,2638.33959
H4,608,PHL,Philippines,180632,0,WLD,World,2019,Gross Exports,160.845
H4,616,POL,Poland,180632,0,WLD,World,2019,Gross Exports,247825.998
H4,620,PRT,Portugal,180632,0,WLD,World,2019,Gross Exports,8132.819233
H4,642,ROM,Romania,180632,0,WLD,World,2019,Gross Exports,19726.11489
H4,643,RUS,Russian Fed,180632,0,WLD,World,2019,Gross Exports,58806.78868
H4,646,RWA,Rwanda,180632,0,WLD,World,2019,Gross Exports,7.47569
H4,662,LCA,St.Lucia,180632,0,WLD,World,2019,Gross Exports,0.15093
H4,682,SAU,Saudi Arabia,180632,0,WLD,World,2019,Gross Exports,1.920267
H4,686,SEN,Senegal,180632,0,WLD,World,2019,Gross Exports,287.998828
H4,688,SER,Yugoslavia,180632,0,WLD,World,2019,Gross Exports,20864.469
H4,699,IND,India,180632,0,WLD,World,2019,Gross Exports,11573.6333
H4,702,SGP,Singapore,180632,0,WLD,World,2019,Gross Exports,44751.45923
H4,703,SVK,Slovakia,180632,0,WLD,World,2019,Gross Exports,38625.61759
H4,704,VNM,Viet Nam,180632,0,WLD,World,2019,Gross Exports,7104.53035
H4,705,SVN,Slovenia,180632,0,WLD,World,2019,Gross Exports,3458.1804
H4,710,ZAF,South Africa,180632,0,WLD,World,2019,Gross Exports,8660.183267
H4,724,ESP,Spain,180632,0,WLD,World,2019,Gross Exports,140382.3574
H4,748,SWZ,Swaziland,180632,0,WLD,World,2019,Gross Exports,1.05276
H4,752,SWE,Sweden,180632,0,WLD,World,2019,Gross Exports,58011.60593
H4,757,CHE,Switz.Liecht,180632,0,WLD,World,2019,Gross Exports,455626.2105
H4,762,TJK,Tajikistan,180632,0,WLD,World,2019,Gross Exports,1.254
H4,764,THA,Thailand,180632,0,WLD,World,2019,Gross Exports,5116.689775
H4,768,TGO,Togo,180632,0,WLD,World,2019,Gross Exports,78.145883
H4,780,TTO,Trinidad Tbg,180632,0,WLD,World,2019,Gross Exports,0.694970639
H4,784,ARE,Untd Arab Em,180632,0,WLD,World,2019,Gross Exports,136637.2285
H4,788,TUN,Tunisia,180632,0,WLD,World,2019,Gross Exports,14253.89997
H4,792,TUR,Turkey,180632,0,WLD,World,2019,Gross Exports,76879.43
H4,800,UGA,Uganda,180632,0,WLD,World,2019,Gross Exports,12.62129
H4,804,UKR,Ukraine,180632,0,WLD,World,2019,Gross Exports,44719.39172
H4,807,MKD,TFYR Macedna,180632,0,WLD,World,2019,Gross Exports,672.77378
H4,818,EGY,Egypt,180632,0,WLD,World,2019,Gross Exports,111581.7707
H4,826,GBR,Untd.Kingdom,180632,0,WLD,World,2019,Gross Exports,161185.6304
H4,842,USA,"USA,PR,USVI",180632,0,WLD,World,2019,Gross Exports,158453.309
H4,854,BFA,Burkina Faso,180632,0,WLD,World,2019,Gross Exports,1.748920372
H4,858,URY,Uruguay,180632,0,WLD,World,2019,Gross Exports,0.761
H4,860,UZB,Uzbekistan,180632,0,WLD,World,2019,Gross Exports,550.34199
H4,894,ZMB,Zambia,180632,0,WLD,World,2019,Gross Exports,13.954823
H5,24,AGO,Angola,180631,0,WLD,World,2019,Gross Exports,8.602205
H5,31,AZE,Azerbaijan,180631,0,WLD,World,2019,Gross Exports,18.53
H5,32,ARG,Argentina,180631,0,WLD,World,2019,Gross Exports,1053.76761
H5,36,AUS,Australia,180631,0,WLD,World,2019,Gross Exports,22264.58851
H5,40,AUT,Austria,180631,0,WLD,World,2019,Gross Exports,159751.3335
H5,48,BHR,Bahrain,180631,0,WLD,World,2019,Gross Exports,9.27957
H5,51,ARM,Armenia,180631,0,WLD,World,2019,Gross Exports,186.08145
H5,52,BRB,Barbados,180631,0,WLD,World,2019,Gross Exports,262.585
H5,56,BEL,Belgium,180631,0,WLD,World,2019,Gross Exports,88295.77432
H5,68,BOL,Bolivia,180631,0,WLD,World,2019,Gross Exports,395.49687
H5,70,BIH,Bosnia Herzg,180631,0,WLD,World,2019,Gross Exports,110.16601
H5,72,BWA,Botswana,180631,0,WLD,World,2019,Gross Exports,0.191529
H5,76,BRA,Brazil,180631,0,WLD,World,2019,Gross Exports,10520.146
H5,97,EUN,European Union,180631,0,WLD,World,2019,Gross Exports,776248.9609
H5,100,BGR,Bulgaria,180631,0,WLD,World,2019,Gross Exports,40794.3034
H5,112,BLR,Belarus,180631,0,WLD,World,2019,Gross Exports,28676.9
H5,120,CMR,Cameroon,180631,0,WLD,World,2019,Gross Exports,128.5397
H5,124,CAN,Canada,180631,0,WLD,World,2019,Gross Exports,212785.2886
H5,132,CPV,Cape Verde,180631,0,WLD,World,2019,Gross Exports,52.480512
H5,144,LKA,Sri Lanka,180631,0,WLD,World,2019,Gross Exports,338.220966
H5,152,CHL,Chile,180631,0,WLD,World,2019,Gross Exports,5142.243959
H5,156,CHN,China,180631,0,WLD,World,2019,Gross Exports,55014.973
H5,170,COL,Colombia,180631,0,WLD,World,2019,Gross Exports,5474.45929
H5,178,COG,Congo,180631,0,WLD,World,2019,Gross Exports,10.29349401
H5,188,CRI,Costa Rica,180631,0,WLD,World,2019,Gross Exports,1897.76215
H5,191,HRV,Croatia,180631,0,WLD,World,2019,Gross Exports,86767.452
H5,196,CYP,Cyprus,180631,0,WLD,World,2019,Gross Exports,53.938425
H5,203,CZE,Czech Rep,180631,0,WLD,World,2019,Gross Exports,43730.965
H5,208,DNK,Denmark,180631,0,WLD,World,2019,Gross Exports,34009.56504
H5,214,DOM,Dominican Rp,180631,0,WLD,World,2019,Gross Exports,445.705917
H5,218,ECU,Ecuador,180631,0,WLD,World,2019,Gross Exports,123.18423
H5,222,SLV,El Salvador,180631,0,WLD,World,2019,Gross Exports,31.92387
H5,233,EST,Estonia,180631,0,WLD,World,2019,Gross Exports,2017.220065
H5,246,FIN,Finland,180631,0,WLD,World,2019,Gross Exports,7220.593555
H5,251,FRA,France+Monac,180631,0,WLD,World,2019,Gross Exports,77353.80233
H5,258,PYF,Fr.Polynesia,180631,0,WLD,World,2019,Gross Exports,36.51332243
H5,268,GEO,Georgia,180631,0,WLD,World,2019,Gross Exports,513.48509
H5,276,DEU,Germany,180631,0,WLD,World,2019,Gross Exports,1110333.608
H5,288,GHA,Ghana,180631,0,WLD,World,2019,Gross Exports,2.563578521
H5,300,GRC,Greece,180631,0,WLD,World,2019,Gross Exports,3692.272596
H5,320,GTM,Guatemala,180631,0,WLD,World,2019,Gross Exports,54.151
H5,340,HND,Honduras,180631,0,WLD,World,2019,Gross Exports,11.53069
H5,344,HKG,Hong Kong,180631,0,WLD,World,2019,Gross Exports,12462.65235
H5,348,HUN,Hungary,180631,0,WLD,World,2019,Gross Exports,60788.831
H5,352,ISL,Iceland,180631,0,WLD,World,2019,Gross Exports,314.5121084
H5,360,IDN,Indonesia,180631,0,WLD,World,2019,Gross Exports,2219.798071
H5,364,IRN,Iran-Islam.R,180631,0,WLD,World,2019,Gross Exports,57.463
H5,372,IRL,Ireland,180631,0,WLD,World,2019,Gross Exports,26234.26076
H5,376,ISR,Israel,180631,0,WLD,World,2019,Gross Exports,575
H5,380,ITA,Italy,180631,0,WLD,World,2019,Gross Exports,161167.4171
H5,384,CIV,Cote Divoire,180631,0,WLD,World,2019,Gross Exports,1.806479181
H5,388,JAM,Jamaica,180631,0,WLD,World,2019,Gross Exports,1.089186254
H5,392,JPN,Japan,180631,0,WLD,World,2019,Gross Exports,22699.32295
H5,398,KAZ,Kazakhstan,180631,0,WLD,World,2019,Gross Exports,2548.5567
H5,400,JOR,Jordan,180631,0,WLD,World,2019,Gross Exports,1506.84257
H5,404,KEN,Kenya,180631,0,WLD,World,2019,Gross Exports,153.39267
H5,410,KOR,Korea Rep.,180631,0,WLD,World,2019,Gross Exports,5115.6
H5,414,KWT,Kuwait,180631,0,WLD,World,2019,Gross Exports,1599.657
H5,417,KGZ,Kyrgyzstan,180631,0,WLD,World,2019,Gross Exports,164.098
H5,422,LBN,Lebanon,180631,0,WLD,World,2019,Gross Exports,15057.97544
H5,428,LVA,Latvia,180631,0,WLD,World,2019,Gross Exports,8224.442263
H5,440,LTU,Lithuania,180631,0,WLD,World,2019,Gross Exports,38502.164
H5,442,LUX,Luxemberg,180631,0,WLD,World,2019,Gross Exports,1738.103084
H5,450,MDG,Madagascar,180631,0,WLD,World,2019,Gross Exports,28.902473
H5,458,MYS,Malaysia,180631,0,WLD,World,2019,Gross Exports,46615.28963
H5,470,MLT,Malta,180631,0,WLD,World,2019,Gross Exports,615.6343014
H5,480,MUS,Mauritius,180631,0,WLD,World,2019,Gross Exports,52.79132572
H5,490,OAS,Asia Othr.ns,180631,0,WLD,World,2019,Gross Exports,2103.56456
H5,496,MNG,Mongolia,180631,0,WLD,World,2019,Gross Exports,0.30046
H5,499,MNT,Montenegro,180631,0,WLD,World,2019,Gross Exports,8.934895132
H5,504,MAR,Morocco,180631,0,WLD,World,2019,Gross Exports,457.4124828
H5,508,MOZ,Mozambique,180631,0,WLD,World,2019,Gross Exports,7.78579
H5,512,OMN,Oman,180631,0,WLD,World,2019,Gross Exports,13912.58392
H5,516,NAM,Namibia,180631,0,WLD,World,2019,Gross Exports,21.113541
H5,528,NLD,Netherlands,180631,0,WLD,World,2019,Gross Exports,833569.8251
H5,554,NZL,New Zealand,180631,0,WLD,World,2019,Gross Exports,7235.071292
H5,558,NIC,Nicaragua,180631,0,WLD,World,2019,Gross Exports,3.34112
H5,579,NOR,"Norway,Sb,JM",180631,0,WLD,World,2019,Gross Exports,2863.770152
H5,591,PAN,Panama,180631,0,WLD,World,2019,Gross Exports,4207.302
H5,598,PNG,Papua N.Guin,180631,0,WLD,World,2019,Gross Exports,6.913264
H5,600,PRY,Paraguay,180631,0,WLD,World,2019,Gross Exports,3.053
H5,604,PER,Peru,180631,0,WLD,World,2019,Gross Exports,967.92607
H5,608,PHL,Philippines,180631,0,WLD,World,2019,Gross Exports,279.999
H5,616,POL,Poland,180631,0,WLD,World,2019,Gross Exports,196750.072
H5,620,PRT,Portugal,180631,0,WLD,World,2019,Gross Exports,3464.175855
H5,642,ROM,Romania,180631,0,WLD,World,2019,Gross Exports,26528.15046
H5,643,RUS,Russian Fed,180631,0,WLD,World,2019,Gross Exports,158216.1339
H5,686,SEN,Senegal,180631,0,WLD,World,2019,Gross Exports,92.048484
H5,688,SER,Yugoslavia,180631,0,WLD,World,2019,Gross Exports,15236.319
H5,699,IND,India,180631,0,WLD,World,2019,Gross Exports,4783.594933
H5,702,SGP,Singapore,180631,0,WLD,World,2019,Gross Exports,48555.93409
H5,703,SVK,Slovakia,180631,0,WLD,World,2019,Gross Exports,25413.19862
H5,704,VNM,Viet Nam,180631,0,WLD,World,2019,Gross Exports,144.47845
H5,705,SVN,Slovenia,180631,0,WLD,World,2019,Gross Exports,3317.74214
H5,710,ZAF,South Africa,180631,0,WLD,World,2019,Gross Exports,15542.12967
H5,716,ZWE,Zimbabwe,180631,0,WLD,World,2019,Gross Exports,23.33854
H5,724,ESP,Spain,180631,0,WLD,World,2019,Gross Exports,80867.84105
H5,748,SWZ,Swaziland,180631,0,WLD,World,2019,Gross Exports,2511.33602
H5,752,SWE,Sweden,180631,0,WLD,World,2019,Gross Exports,90929.82543
H5,757,CHE,Switz.Liecht,180631,0,WLD,World,2019,Gross Exports,42604.78607
H5,764,THA,Thailand,180631,0,WLD,World,2019,Gross Exports,28150.59952
H5,768,TGO,Togo,180631,0,WLD,World,2019,Gross Exports,19.605203
H5,784,ARE,Untd Arab Em,180631,0,WLD,World,2019,Gross Exports,67429.07785
H5,788,TUN,Tunisia,180631,0,WLD,World,2019,Gross Exports,8636.153139
H5,792,TUR,Turkey,180631,0,WLD,World,2019,Gross Exports,104904.53
H5,800,UGA,Uganda,180631,0,WLD,World,2019,Gross Exports,22.29458
H5,807,MKD,TFYR Macedna,180631,0,WLD,World,2019,Gross Exports,1912.3705
H5,826,GBR,Untd.Kingdom,180631,0,WLD,World,2019,Gross Exports,134689.0161
H5,834,TZA,Tanzania,180631,0,WLD,World,2019,Gross Exports,24.74674
H5,842,USA,"USA,PR,USVI",180631,0,WLD,World,2019,Gross Exports,148973.978
H5,858,URY,Uruguay,180631,0,WLD,World,2019,Gross Exports,0.355
H5,860,UZB,Uzbekistan,180631,0,WLD,World,2019,Gross Exports,185.35996
H4,31,AZE,Azerbaijan,180632,0,WLD,World,2018,Gross Exports,34.43877
H4,32,ARG,Argentina,180632,0,WLD,World,2018,Gross Exports,5816.13175
H4,36,AUS,Australia,180632,0,WLD,World,2018,Gross Exports,22310.92474
H4,40,AUT,Austria,180632,0,WLD,World,2018,Gross Exports,142205.9719
H4,44,BHS,Bahamas,180632,0,WLD,World,2018,Gross Exports,10.35998
H4,48,BHR,Bahrain,180632,0,WLD,World,2018,Gross Exports,59.23128347
H4,51,ARM,Armenia,180632,0,WLD,World,2018,Gross Exports,290.45594
H4,56,BEL,Belgium,180632,0,WLD,World,2018,Gross Exports,271521.0168
H4,60,BMU,Bermuda,180632,0,WLD,World,2018,Gross Exports,0.53082
H4,68,BOL,Bolivia,180632,0,WLD,World,2018,Gross Exports,74.49478
H4,70,BIH,Bosnia Herzg,180632,0,WLD,World,2018,Gross Exports,3575.66228
H4,72,BWA,Botswana,180632,0,WLD,World,2018,Gross Exports,0.064979
H4,76,BRA,Brazil,180632,0,WLD,World,2018,Gross Exports,32742.245
H4,97,EUN,European Union,180632,0,WLD,World,2018,Gross Exports,738555.928
H4,100,BGR,Bulgaria,180632,0,WLD,World,2018,Gross Exports,57226.74297
H4,104,MMR,Myanmar,180632,0,WLD,World,2018,Gross Exports,19.28332
H4,112,BLR,Belarus,180632,0,WLD,World,2018,Gross Exports,13772.7
H4,120,CMR,Cameroon,180632,0,WLD,World,2018,Gross Exports,1641.06661
H4,124,CAN,Canada,180632,0,WLD,World,2018,Gross Exports,183052.2318
H4,152,CHL,Chile,180632,0,WLD,World,2018,Gross Exports,3554.092322
H4,156,CHN,China,180632,0,WLD,World,2018,Gross Exports,37097.495
H4,170,COL,Colombia,180632,0,WLD,World,2018,Gross Exports,16410.60353
H4,178,COG,Congo,180632,0,WLD,World,2018,Gross Exports,21.49233164
H4,188,CRI,Costa Rica,180632,0,WLD,World,2018,Gross Exports,1399.06758
H4,191,HRV,Croatia,180632,0,WLD,World,2018,Gross Exports,65120.566
H4,196,CYP,Cyprus,180632,0,WLD,World,2018,Gross Exports,200.000465
H4,203,CZE,Czech Rep,180632,0,WLD,World,2018,Gross Exports,45307.363
H4,204,BEN,Benin,180632,0,WLD,World,2018,Gross Exports,22.081689
H4,208,DNK,Denmark,180632,0,WLD,World,2018,Gross Exports,20010.49413
H4,214,DOM,Dominican Rp,180632,0,WLD,World,2018,Gross Exports,1945.92117
H4,218,ECU,Ecuador,180632,0,WLD,World,2018,Gross Exports,1630.00193
H4,222,SLV,El Salvador,180632,0,WLD,World,2018,Gross Exports,1665.20334
H4,233,EST,Estonia,180632,0,WLD,World,2018,Gross Exports,5720.873195
H4,246,FIN,Finland,180632,0,WLD,World,2018,Gross Exports,13424.50605
H4,251,FRA,France+Monac,180632,0,WLD,World,2018,Gross Exports,219650.4934
H4,268,GEO,Georgia,180632,0,WLD,World,2018,Gross Exports,239.1911
H4,275,PSE,Occ.Pal.Terr,180632,0,WLD,World,2018,Gross Exports,550.3644124
H4,276,DEU,Germany,180632,0,WLD,World,2018,Gross Exports,1231354.424
H4,288,GHA,Ghana,180632,0,WLD,World,2018,Gross Exports,7786.186012
H4,300,GRC,Greece,180632,0,WLD,World,2018,Gross Exports,8450.859633
H4,320,GTM,Guatemala,180632,0,WLD,World,2018,Gross Exports,277.478
H4,344,HKG,Hong Kong,180632,0,WLD,World,2018,Gross Exports,8736.184786
H4,348,HUN,Hungary,180632,0,WLD,World,2018,Gross Exports,19931.454
H4,352,ISL,Iceland,180632,0,WLD,World,2018,Gross Exports,460.5901322
H4,360,IDN,Indonesia,180632,0,WLD,World,2018,Gross Exports,10574.08723
H4,364,IRN,Iran-Islam.R,180632,0,WLD,World,2018,Gross Exports,19.362
H4,372,IRL,Ireland,180632,0,WLD,World,2018,Gross Exports,126777.9155
H4,376,ISR,Israel,180632,0,WLD,World,2018,Gross Exports,2690
H4,380,ITA,Italy,180632,0,WLD,World,2018,Gross Exports,84827.30346
H4,384,CIV,Cote Divoire,180632,0,WLD,World,2018,Gross Exports,9.326945885
H4,388,JAM,Jamaica,180632,0,WLD,World,2018,Gross Exports,18.97044
H4,392,JPN,Japan,180632,0,WLD,World,2018,Gross Exports,44441.8799
H4,398,KAZ,Kazakhstan,180632,0,WLD,World,2018,Gross Exports,9234.32569
H4,400,JOR,Jordan,180632,0,WLD,World,2018,Gross Exports,391.5155752
H4,404,KEN,Kenya,180632,0,WLD,World,2018,Gross Exports,423.49701
H4,410,KOR,Korea Rep.,180632,0,WLD,World,2018,Gross Exports,5423.717
H4,414,KWT,Kuwait,180632,0,WLD,World,2018,Gross Exports,61.988
H4,417,KGZ,Kyrgyzstan,180632,0,WLD,World,2018,Gross Exports,0.256
H4,422,LBN,Lebanon,180632,0,WLD,World,2018,Gross Exports,180.990386
H4,426,LSO,Lesotho,180632,0,WLD,World,2018,Gross Exports,0.003778168
H4,428,LVA,Latvia,180632,0,WLD,World,2018,Gross Exports,4924.732885
H4,440,LTU,Lithuania,180632,0,WLD,World,2018,Gross Exports,24881.848
H4,442,LUX,Luxemberg,180632,0,WLD,World,2018,Gross Exports,207.9212498
H4,446,MAC,Macau,180632,0,WLD,World,2018,Gross Exports,91.18390101
H4,450,MDG,Madagascar,180632,0,WLD,World,2018,Gross Exports,784.334673
H4,458,MYS,Malaysia,180632,0,WLD,World,2018,Gross Exports,63112.51362
H4,466,MLI,Mali,180632,0,WLD,World,2018,Gross Exports,4.77923
H4,470,MLT,Malta,180632,0,WLD,World,2018,Gross Exports,59.81907281
H4,484,MEX,Mexico,180632,0,WLD,World,2018,Gross Exports,126222.199
H4,490,OAS,Asia Othr.ns,180632,0,WLD,World,2018,Gross Exports,2064.07403
H4,496,MNG,Mongolia,180632,0,WLD,World,2018,Gross Exports,88.02979
H4,498,MDA,Rep.Moldova,180632,0,WLD,World,2018,Gross Exports,420.407
H4,499,MNT,Montenegro,180632,0,WLD,World,2018,Gross Exports,785.0621015
H4,504,MAR,Morocco,180632,0,WLD,World,2018,Gross Exports,580.241283
H4,512,OMN,Oman,180632,0,WLD,World,2018,Gross Exports,1460.881533
H4,516,NAM,Namibia,180632,0,WLD,World,2018,Gross Exports,161.05933
H4,528,NLD,Netherlands,180632,0,WLD,World,2018,Gross Exports,73385.41976
H4,554,NZL,New Zealand,180632,0,WLD,World,2018,Gross Exports,33536.4401
H4,558,NIC,Nicaragua,180632,0,WLD,World,2018,Gross Exports,9.32948
H4,562,NER,Niger,180632,0,WLD,World,2018,Gross Exports,48.58569
H4,566,NGA,Nigeria,180632,0,WLD,World,2018,Gross Exports,41.285948
H4,579,NOR,"Norway,Sb,JM",180632,0,WLD,World,2018,Gross Exports,7412.86664
H4,591,PAN,Panama,180632,0,WLD,World,2018,Gross Exports,3102.325
H4,600,PRY,Paraguay,180632,0,WLD,World,2018,Gross Exports,3.416
H4,604,PER,Peru,180632,0,WLD,World,2018,Gross Exports,2435.98837
H4,608,PHL,Philippines,180632,0,WLD,World,2018,Gross Exports,74.596
H4,616,POL,Poland,180632,0,WLD,World,2018,Gross Exports,209550.486
H4,620,PRT,Portugal,180632,0,WLD,World,2018,Gross Exports,8725.948492
H4,642,ROM,Romania,180632,0,WLD,World,2018,Gross Exports,13506.89899
H4,643,RUS,Russian Fed,180632,0,WLD,World,2018,Gross Exports,50114.50446
H4,646,RWA,Rwanda,180632,0,WLD,World,2018,Gross Exports,8.349048972
H4,662,LCA,St.Lucia,180632,0,WLD,World,2018,Gross Exports,0.02012
H4,682,SAU,Saudi Arabia,180632,0,WLD,World,2018,Gross Exports,93.961878
H4,686,SEN,Senegal,180632,0,WLD,World,2018,Gross Exports,275.9728396
H4,688,SER,Yugoslavia,180632,0,WLD,World,2018,Gross Exports,22575.294
H4,699,IND,India,180632,0,WLD,World,2018,Gross Exports,14094.91105
H4,702,SGP,Singapore,180632,0,WLD,World,2018,Gross Exports,24663.00453
H4,703,SVK,Slovakia,180632,0,WLD,World,2018,Gross Exports,32042.59105
H4,704,VNM,Viet Nam,180632,0,WLD,World,2018,Gross Exports,7232.08319
H4,705,SVN,Slovenia,180632,0,WLD,World,2018,Gross Exports,1999.29574
H4,710,ZAF,South Africa,180632,0,WLD,World,2018,Gross Exports,7085.085438
H4,724,ESP,Spain,180632,0,WLD,World,2018,Gross Exports,148593.0781
H4,729,SUD,Sudan,180632,0,WLD,World,2018,Gross Exports,1.95
H4,748,SWZ,Swaziland,180632,0,WLD,World,2018,Gross Exports,0.200816546
H4,752,SWE,Sweden,180632,0,WLD,World,2018,Gross Exports,52426.00059
H4,757,CHE,Switz.Liecht,180632,0,WLD,World,2018,Gross Exports,464994.0519
H4,764,THA,Thailand,180632,0,WLD,World,2018,Gross Exports,2489.28417
H4,768,TGO,Togo,180632,0,WLD,World,2018,Gross Exports,97.580588
H4,780,TTO,Trinidad Tbg,180632,0,WLD,World,2018,Gross Exports,7.660501752
H4,784,ARE,Untd Arab Em,180632,0,WLD,World,2018,Gross Exports,132100.3354
H4,788,TUN,Tunisia,180632,0,WLD,World,2018,Gross Exports,8157.089673
H4,792,TUR,Turkey,180632,0,WLD,World,2018,Gross Exports,61023.284
H4,800,UGA,Uganda,180632,0,WLD,World,2018,Gross Exports,6.772
H4,804,UKR,Ukraine,180632,0,WLD,World,2018,Gross Exports,38841.80783
H4,807,MKD,TFYR Macedna,180632,0,WLD,World,2018,Gross Exports,450.20512
H4,818,EGY,Egypt,180632,0,WLD,World,2018,Gross Exports,60093.69085
H4,826,GBR,Untd.Kingdom,180632,0,WLD,World,2018,Gross Exports,151181.6886
H4,842,USA,"USA,PR,USVI",180632,0,WLD,World,2018,Gross Exports,170766.813
H4,854,BFA,Burkina Faso,180632,0,WLD,World,2018,Gross Exports,0.807208052
H4,860,UZB,Uzbekistan,180632,0,WLD,World,2018,Gross Exports,112.325
H4,894,ZMB,Zambia,180632,0,WLD,World,2018,Gross Exports,81.357799
H4,24,AGO,Angola,180631,0,WLD,World,2018,Gross Exports,0.011986427
H4,31,AZE,Azerbaijan,180631,0,WLD,World,2018,Gross Exports,10.51254
H4,32,ARG,Argentina,180631,0,WLD,World,2018,Gross Exports,1003.56572
H4,36,AUS,Australia,180631,0,WLD,World,2018,Gross Exports,43410.46553
H4,40,AUT,Austria,180631,0,WLD,World,2018,Gross Exports,151001.9172
H4,48,BHR,Bahrain,180631,0,WLD,World,2018,Gross Exports,33.94137915
H4,51,ARM,Armenia,180631,0,WLD,World,2018,Gross Exports,168.8453
H4,56,BEL,Belgium,180631,0,WLD,World,2018,Gross Exports,102349.3619
H4,68,BOL,Bolivia,180631,0,WLD,World,2018,Gross Exports,359.17914
H4,70,BIH,Bosnia Herzg,180631,0,WLD,World,2018,Gross Exports,0.75435
H4,72,BWA,Botswana,180631,0,WLD,World,2018,Gross Exports,0.316055
H4,76,BRA,Brazil,180631,0,WLD,World,2018,Gross Exports,8730.844
H4,97,EUN,European Union,180631,0,WLD,World,2018,Gross Exports,806962.5053
H4,100,BGR,Bulgaria,180631,0,WLD,World,2018,Gross Exports,37555.75036
H4,112,BLR,Belarus,180631,0,WLD,World,2018,Gross Exports,21701.8
H4,120,CMR,Cameroon,180631,0,WLD,World,2018,Gross Exports,865.1099969
H4,124,CAN,Canada,180631,0,WLD,World,2018,Gross Exports,199774.0873
H4,152,CHL,Chile,180631,0,WLD,World,2018,Gross Exports,2604.216211
H4,156,CHN,China,180631,0,WLD,World,2018,Gross Exports,53817.367
H4,170,COL,Colombia,180631,0,WLD,World,2018,Gross Exports,5734.45717
H4,178,COG,Congo,180631,0,WLD,World,2018,Gross Exports,9.279740827
H4,188,CRI,Costa Rica,180631,0,WLD,World,2018,Gross Exports,2084.41982
H4,191,HRV,Croatia,180631,0,WLD,World,2018,Gross Exports,61424.39
H4,196,CYP,Cyprus,180631,0,WLD,World,2018,Gross Exports,0.442858
H4,203,CZE,Czech Rep,180631,0,WLD,World,2018,Gross Exports,42787.689
H4,208,DNK,Denmark,180631,0,WLD,World,2018,Gross Exports,34646.53069
H4,214,DOM,Dominican Rp,180631,0,WLD,World,2018,Gross Exports,70.06902
H4,218,ECU,Ecuador,180631,0,WLD,World,2018,Gross Exports,170.23082
H4,222,SLV,El Salvador,180631,0,WLD,World,2018,Gross Exports,58.0289
H4,233,EST,Estonia,180631,0,WLD,World,2018,Gross Exports,2078.607727
H4,246,FIN,Finland,180631,0,WLD,World,2018,Gross Exports,6131.890944
H4,251,FRA,France+Monac,180631,0,WLD,World,2018,Gross Exports,90246.81895
H4,258,PYF,Fr.Polynesia,180631,0,WLD,World,2018,Gross Exports,40.95747986
H4,268,GEO,Georgia,180631,0,WLD,World,2018,Gross Exports,551.80958
H4,275,PSE,Occ.Pal.Terr,180631,0,WLD,World,2018,Gross Exports,5122.257848
H4,276,DEU,Germany,180631,0,WLD,World,2018,Gross Exports,1257949.632
H4,288,GHA,Ghana,180631,0,WLD,World,2018,Gross Exports,78.43623181
H4,300,GRC,Greece,180631,0,WLD,World,2018,Gross Exports,3795.926854
H4,308,GRD,Grenada,180631,0,WLD,World,2018,Gross Exports,10.32406375
H4,320,GTM,Guatemala,180631,0,WLD,World,2018,Gross Exports,82.269
H4,340,HND,Honduras,180631,0,WLD,World,2018,Gross Exports,1.17936
H4,344,HKG,Hong Kong,180631,0,WLD,World,2018,Gross Exports,11547.79708
H4,348,HUN,Hungary,180631,0,WLD,World,2018,Gross Exports,55255.991
H4,352,ISL,Iceland,180631,0,WLD,World,2018,Gross Exports,359.163118
H4,360,IDN,Indonesia,180631,0,WLD,World,2018,Gross Exports,2425.06821
H4,364,IRN,Iran-Islam.R,180631,0,WLD,World,2018,Gross Exports,124.743
H4,372,IRL,Ireland,180631,0,WLD,World,2018,Gross Exports,33344.04488
H4,376,ISR,Israel,180631,0,WLD,World,2018,Gross Exports,184
H4,380,ITA,Italy,180631,0,WLD,World,2018,Gross Exports,157379.5396
H4,388,JAM,Jamaica,180631,0,WLD,World,2018,Gross Exports,0.94054
H4,392,JPN,Japan,180631,0,WLD,World,2018,Gross Exports,22619.55598
H4,398,KAZ,Kazakhstan,180631,0,WLD,World,2018,Gross Exports,3410.83996
H4,400,JOR,Jordan,180631,0,WLD,World,2018,Gross Exports,949.655129
H4,404,KEN,Kenya,180631,0,WLD,World,2018,Gross Exports,167.5035528
H4,410,KOR,Korea Rep.,180631,0,WLD,World,2018,Gross Exports,6908.314
H4,414,KWT,Kuwait,180631,0,WLD,World,2018,Gross Exports,1964.433
H4,417,KGZ,Kyrgyzstan,180631,0,WLD,World,2018,Gross Exports,0.098
H4,422,LBN,Lebanon,180631,0,WLD,World,2018,Gross Exports,13070.3911
H4,426,LSO,Lesotho,180631,0,WLD,World,2018,Gross Exports,0.403735032
H4,428,LVA,Latvia,180631,0,WLD,World,2018,Gross Exports,8211.706953
H4,440,LTU,Lithuania,180631,0,WLD,World,2018,Gross Exports,39249.314
H4,442,LUX,Luxemberg,180631,0,WLD,World,2018,Gross Exports,1781.637887
H4,450,MDG,Madagascar,180631,0,WLD,World,2018,Gross Exports,8.426829
H4,458,MYS,Malaysia,180631,0,WLD,World,2018,Gross Exports,52466.39473
H4,480,MUS,Mauritius,180631,0,WLD,World,2018,Gross Exports,4.795697996
H4,484,MEX,Mexico,180631,0,WLD,World,2018,Gross Exports,10818.657
H4,490,OAS,Asia Othr.ns,180631,0,WLD,World,2018,Gross Exports,2180.05263
H4,496,MNG,Mongolia,180631,0,WLD,World,2018,Gross Exports,23.86709
H4,498,MDA,Rep.Moldova,180631,0,WLD,World,2018,Gross Exports,255.667
H4,504,MAR,Morocco,180631,0,WLD,World,2018,Gross Exports,218.954471
H4,508,MOZ,Mozambique,180631,0,WLD,World,2018,Gross Exports,4.58173
H4,512,OMN,Oman,180631,0,WLD,World,2018,Gross Exports,2417.414607
H4,516,NAM,Namibia,180631,0,WLD,World,2018,Gross Exports,41.86174984
H4,528,NLD,Netherlands,180631,0,WLD,World,2018,Gross Exports,815598.2056
H4,531,CUW,Curaçao,180631,0,WLD,World,2018,Gross Exports,20.558601
H4,554,NZL,New Zealand,180631,0,WLD,World,2018,Gross Exports,10433.29497
H4,558,NIC,Nicaragua,180631,0,WLD,World,2018,Gross Exports,16.76352
H4,562,NER,Niger,180631,0,WLD,World,2018,Gross Exports,16.22942
H4,566,NGA,Nigeria,180631,0,WLD,World,2018,Gross Exports,66.831578
H4,579,NOR,"Norway,Sb,JM",180631,0,WLD,World,2018,Gross Exports,2161.901234
H4,591,PAN,Panama,180631,0,WLD,World,2018,Gross Exports,7205.272
H4,600,PRY,Paraguay,180631,0,WLD,World,2018,Gross Exports,6.999
H4,604,PER,Peru,180631,0,WLD,World,2018,Gross Exports,522.55096
H4,608,PHL,Philippines,180631,0,WLD,World,2018,Gross Exports,521.328
H4,616,POL,Poland,180631,0,WLD,World,2018,Gross Exports,199689.937
H4,620,PRT,Portugal,180631,0,WLD,World,2018,Gross Exports,3138.157448
H4,642,ROM,Romania,180631,0,WLD,World,2018,Gross Exports,17610.13749
H4,643,RUS,Russian Fed,180631,0,WLD,World,2018,Gross Exports,142035.2342
H4,646,RWA,Rwanda,180631,0,WLD,World,2018,Gross Exports,0.023280463
H4,682,SAU,Saudi Arabia,180631,0,WLD,World,2018,Gross Exports,91.500545
H4,686,SEN,Senegal,180631,0,WLD,World,2018,Gross Exports,14.1038428
H4,688,SER,Yugoslavia,180631,0,WLD,World,2018,Gross Exports,13369.9
H4,699,IND,India,180631,0,WLD,World,2018,Gross Exports,8311.841336
H4,702,SGP,Singapore,180631,0,WLD,World,2018,Gross Exports,49341.56396
H4,703,SVK,Slovakia,180631,0,WLD,World,2018,Gross Exports,37857.48809
H4,704,VNM,Viet Nam,180631,0,WLD,World,2018,Gross Exports,93.46712
H4,705,SVN,Slovenia,180631,0,WLD,World,2018,Gross Exports,2914.95457
H4,710,ZAF,South Africa,180631,0,WLD,World,2018,Gross Exports,17480.20424
H4,716,ZWE,Zimbabwe,180631,0,WLD,World,2018,Gross Exports,136.0857
H4,724,ESP,Spain,180631,0,WLD,World,2018,Gross Exports,76845.28252
H4,748,SWZ,Swaziland,180631,0,WLD,World,2018,Gross Exports,1078.991636
H4,752,SWE,Sweden,180631,0,WLD,World,2018,Gross Exports,77292.29579
H4,757,CHE,Switz.Liecht,180631,0,WLD,World,2018,Gross Exports,40664.80459
H4,764,THA,Thailand,180631,0,WLD,World,2018,Gross Exports,11423.48484
H4,780,TTO,Trinidad Tbg,180631,0,WLD,World,2018,Gross Exports,11441.31376
H4,784,ARE,Untd Arab Em,180631,0,WLD,World,2018,Gross Exports,31989.24282
H4,788,TUN,Tunisia,180631,0,WLD,World,2018,Gross Exports,5793.704761
H4,792,TUR,Turkey,180631,0,WLD,World,2018,Gross Exports,96103.776
H4,800,UGA,Uganda,180631,0,WLD,World,2018,Gross Exports,30.61773
H4,804,UKR,Ukraine,180631,0,WLD,World,2018,Gross Exports,22440.75472
H4,807,MKD,TFYR Macedna,180631,0,WLD,World,2018,Gross Exports,315.64999
H4,818,EGY,Egypt,180631,0,WLD,World,2018,Gross Exports,57007.15614
H4,826,GBR,Untd.Kingdom,180631,0,WLD,World,2018,Gross Exports,122304.5605
H4,842,USA,"USA,PR,USVI",180631,0,WLD,World,2018,Gross Exports,192343.97
H4,860,UZB,Uzbekistan,180631,0,WLD,World,2018,Gross Exports,61.4
H4,882,WSM,Samoa,180631,0,WLD,World,2018,Gross Exports,7.258363721
H4,12,DZA,Algeria,180632,0,WLD,World,2017,Gross Exports,310.15645
H4,31,AZE,Azerbaijan,180632,0,WLD,World,2017,Gross Exports,46.79158
H4,32,ARG,Argentina,180632,0,WLD,World,2017,Gross Exports,7689.51184
H4,36,AUS,Australia,180632,0,WLD,World,2017,Gross Exports,20463.82259
H4,40,AUT,Austria,180632,0,WLD,World,2017,Gross Exports,171193.6873
H4,44,BHS,Bahamas,180632,0,WLD,World,2017,Gross Exports,0.011
H4,48,BHR,Bahrain,180632,0,WLD,World,2017,Gross Exports,153.8881989
H4,51,ARM,Armenia,180632,0,WLD,World,2017,Gross Exports,298.04864
H4,56,BEL,Belgium,180632,0,WLD,World,2017,Gross Exports,283503.903
H4,68,BOL,Bolivia,180632,0,WLD,World,2017,Gross Exports,62.57306
H4,70,BIH,Bosnia Herzg,180632,0,WLD,World,2017,Gross Exports,3950.48125
H4,76,BRA,Brazil,180632,0,WLD,World,2017,Gross Exports,24321.191
H4,84,BLZ,Belize,180632,0,WLD,World,2017,Gross Exports,0.12505
H4,97,EUN,European Union,180632,0,WLD,World,2017,Gross Exports,672880.7212
H4,100,BGR,Bulgaria,180632,0,WLD,World,2017,Gross Exports,47300.92454
H4,104,MMR,Myanmar,180632,0,WLD,World,2017,Gross Exports,2.44953
H4,112,BLR,Belarus,180632,0,WLD,World,2017,Gross Exports,13862
H4,120,CMR,Cameroon,180632,0,WLD,World,2017,Gross Exports,1040.1923
H4,124,CAN,Canada,180632,0,WLD,World,2017,Gross Exports,224720.2533
H4,144,LKA,Sri Lanka,180632,0,WLD,World,2017,Gross Exports,0.077705851
H4,152,CHL,Chile,180632,0,WLD,World,2017,Gross Exports,3488.978684
H4,156,CHN,China,180632,0,WLD,World,2017,Gross Exports,26270.959
H4,170,COL,Colombia,180632,0,WLD,World,2017,Gross Exports,15373.04099
H4,178,COG,Congo,180632,0,WLD,World,2017,Gross Exports,54.90558006
H4,188,CRI,Costa Rica,180632,0,WLD,World,2017,Gross Exports,1747.161946
H4,191,HRV,Croatia,180632,0,WLD,World,2017,Gross Exports,54874.849
H4,196,CYP,Cyprus,180632,0,WLD,World,2017,Gross Exports,103.888854
H4,203,CZE,Czech Rep,180632,0,WLD,World,2017,Gross Exports,45801.818
H4,204,BEN,Benin,180632,0,WLD,World,2017,Gross Exports,30.17631006
H4,208,DNK,Denmark,180632,0,WLD,World,2017,Gross Exports,24096.18136
H4,214,DOM,Dominican Rp,180632,0,WLD,World,2017,Gross Exports,1155.300458
H4,218,ECU,Ecuador,180632,0,WLD,World,2017,Gross Exports,1431.15736
H4,222,SLV,El Salvador,180632,0,WLD,World,2017,Gross Exports,1491.45773
H4,233,EST,Estonia,180632,0,WLD,World,2017,Gross Exports,3599.421072
H4,246,FIN,Finland,180632,0,WLD,World,2017,Gross Exports,14236.58461
H4,251,FRA,France+Monac,180632,0,WLD,World,2017,Gross Exports,233146.9024
H4,268,GEO,Georgia,180632,0,WLD,World,2017,Gross Exports,391.76729
H4,275,PSE,Occ.Pal.Terr,180632,0,WLD,World,2017,Gross Exports,579.9715226
H4,276,DEU,Germany,180632,0,WLD,World,2017,Gross Exports,1140339.022
H4,288,GHA,Ghana,180632,0,WLD,World,2017,Gross Exports,6420.156641
H4,300,GRC,Greece,180632,0,WLD,World,2017,Gross Exports,7099.381122
H4,320,GTM,Guatemala,180632,0,WLD,World,2017,Gross Exports,235.285
H4,340,HND,Honduras,180632,0,WLD,World,2017,Gross Exports,12.053
H4,344,HKG,Hong Kong,180632,0,WLD,World,2017,Gross Exports,8761.074713
H4,348,HUN,Hungary,180632,0,WLD,World,2017,Gross Exports,16360.48
H4,352,ISL,Iceland,180632,0,WLD,World,2017,Gross Exports,160.9621013
H4,360,IDN,Indonesia,180632,0,WLD,World,2017,Gross Exports,7166.42904
H4,364,IRN,Iran-Islam.R,180632,0,WLD,World,2017,Gross Exports,192.863
H4,372,IRL,Ireland,180632,0,WLD,World,2017,Gross Exports,114378.0492
H4,376,ISR,Israel,180632,0,WLD,World,2017,Gross Exports,5632
H4,380,ITA,Italy,180632,0,WLD,World,2017,Gross Exports,75730.14278
H4,384,CIV,Cote Divoire,180632,0,WLD,World,2017,Gross Exports,3.985836748
H4,388,JAM,Jamaica,180632,0,WLD,World,2017,Gross Exports,13.15985
H4,392,JPN,Japan,180632,0,WLD,World,2017,Gross Exports,40368.01673
H4,398,KAZ,Kazakhstan,180632,0,WLD,World,2017,Gross Exports,8590.43402
H4,400,JOR,Jordan,180632,0,WLD,World,2017,Gross Exports,187.7380676
H4,404,KEN,Kenya,180632,0,WLD,World,2017,Gross Exports,248.2162543
H4,410,KOR,Korea Rep.,180632,0,WLD,World,2017,Gross Exports,5330.58
H4,414,KWT,Kuwait,180632,0,WLD,World,2017,Gross Exports,406.1550867
H4,417,KGZ,Kyrgyzstan,180632,0,WLD,World,2017,Gross Exports,0.016
H4,422,LBN,Lebanon,180632,0,WLD,World,2017,Gross Exports,29.844225
H4,428,LVA,Latvia,180632,0,WLD,World,2017,Gross Exports,4831.162134
H4,440,LTU,Lithuania,180632,0,WLD,World,2017,Gross Exports,25102.767
H4,442,LUX,Luxemberg,180632,0,WLD,World,2017,Gross Exports,121.987033
H4,446,MAC,Macau,180632,0,WLD,World,2017,Gross Exports,262.7810627
H4,450,MDG,Madagascar,180632,0,WLD,World,2017,Gross Exports,941.560518
H4,458,MYS,Malaysia,180632,0,WLD,World,2017,Gross Exports,48018.05895
H4,470,MLT,Malta,180632,0,WLD,World,2017,Gross Exports,1.378922957
H4,484,MEX,Mexico,180632,0,WLD,World,2017,Gross Exports,130749.033
H4,490,OAS,Asia Othr.ns,180632,0,WLD,World,2017,Gross Exports,1383.83801
H4,496,MNG,Mongolia,180632,0,WLD,World,2017,Gross Exports,40.98776
H4,498,MDA,Rep.Moldova,180632,0,WLD,World,2017,Gross Exports,400.863
H4,499,MNT,Montenegro,180632,0,WLD,World,2017,Gross Exports,690.3126705
H4,504,MAR,Morocco,180632,0,WLD,World,2017,Gross Exports,1274.653601
H4,512,OMN,Oman,180632,0,WLD,World,2017,Gross Exports,4532.66019
H4,516,NAM,Namibia,180632,0,WLD,World,2017,Gross Exports,30.58772022
H4,528,NLD,Netherlands,180632,0,WLD,World,2017,Gross Exports,65519.9566
H4,554,NZL,New Zealand,180632,0,WLD,World,2017,Gross Exports,26820.03998
H4,558,NIC,Nicaragua,180632,0,WLD,World,2017,Gross Exports,24.03403
H4,562,NER,Niger,180632,0,WLD,World,2017,Gross Exports,0.817614
H4,579,NOR,"Norway,Sb,JM",180632,0,WLD,World,2017,Gross Exports,5389.91604
H4,591,PAN,Panama,180632,0,WLD,World,2017,Gross Exports,3781.35
H4,604,PER,Peru,180632,0,WLD,World,2017,Gross Exports,2053.43635
H4,608,PHL,Philippines,180632,0,WLD,World,2017,Gross Exports,1148.126
H4,616,POL,Poland,180632,0,WLD,World,2017,Gross Exports,210626.995
H4,620,PRT,Portugal,180632,0,WLD,World,2017,Gross Exports,5594.598956
H4,642,ROM,Romania,180632,0,WLD,World,2017,Gross Exports,12533.08811
H4,643,RUS,Russian Fed,180632,0,WLD,World,2017,Gross Exports,48688.48035
H4,646,RWA,Rwanda,180632,0,WLD,World,2017,Gross Exports,3.509914871
H4,682,SAU,Saudi Arabia,180632,0,WLD,World,2017,Gross Exports,74.25175097
H4,686,SEN,Senegal,180632,0,WLD,World,2017,Gross Exports,189.694539
H4,688,SER,Yugoslavia,180632,0,WLD,World,2017,Gross Exports,18848.24
H4,699,IND,India,180632,0,WLD,World,2017,Gross Exports,1884.867921
H4,702,SGP,Singapore,180632,0,WLD,World,2017,Gross Exports,18448.74377
H4,703,SVK,Slovakia,180632,0,WLD,World,2017,Gross Exports,27909.5757
H4,704,VNM,Viet Nam,180632,0,WLD,World,2017,Gross Exports,6715.0777
H4,705,SVN,Slovenia,180632,0,WLD,World,2017,Gross Exports,1891.08846
H4,710,ZAF,South Africa,180632,0,WLD,World,2017,Gross Exports,6211.646535
H4,716,ZWE,Zimbabwe,180632,0,WLD,World,2017,Gross Exports,52.30944
H4,724,ESP,Spain,180632,0,WLD,World,2017,Gross Exports,132239.2685
H4,748,SWZ,Swaziland,180632,0,WLD,World,2017,Gross Exports,0.318788016
H4,752,SWE,Sweden,180632,0,WLD,World,2017,Gross Exports,51899.28129
H4,757,CHE,Switz.Liecht,180632,0,WLD,World,2017,Gross Exports,449571.7663
H4,764,THA,Thailand,180632,0,WLD,World,2017,Gross Exports,723.99601
H4,768,TGO,Togo,180632,0,WLD,World,2017,Gross Exports,73.0624759
H4,780,TTO,Trinidad Tbg,180632,0,WLD,World,2017,Gross Exports,9.098575052
H4,784,ARE,Untd Arab Em,180632,0,WLD,World,2017,Gross Exports,55514.53258
H4,788,TUN,Tunisia,180632,0,WLD,World,2017,Gross Exports,6861.416737
H4,792,TUR,Turkey,180632,0,WLD,World,2017,Gross Exports,41573.136
H4,800,UGA,Uganda,180632,0,WLD,World,2017,Gross Exports,8.02266
H4,804,UKR,Ukraine,180632,0,WLD,World,2017,Gross Exports,28773.48563
H4,807,MKD,TFYR Macedna,180632,0,WLD,World,2017,Gross Exports,442.52802
H4,818,EGY,Egypt,180632,0,WLD,World,2017,Gross Exports,50441.80451
H4,826,GBR,Untd.Kingdom,180632,0,WLD,World,2017,Gross Exports,139702.8931
H4,842,USA,"USA,PR,USVI",180632,0,WLD,World,2017,Gross Exports,161980.79
H4,858,URY,Uruguay,180632,0,WLD,World,2017,Gross Exports,0.979
H4,860,UZB,Uzbekistan,180632,0,WLD,World,2017,Gross Exports,41.278
H4,882,WSM,Samoa,180632,0,WLD,World,2017,Gross Exports,0.748238444
H4,894,ZMB,Zambia,180632,0,WLD,World,2017,Gross Exports,56.91166
H4,12,DZA,Algeria,180631,0,WLD,World,2017,Gross Exports,154.41864
H4,24,AGO,Angola,180631,0,WLD,World,2017,Gross Exports,0.45878
H4,31,AZE,Azerbaijan,180631,0,WLD,World,2017,Gross Exports,30.76071
H4,32,ARG,Argentina,180631,0,WLD,World,2017,Gross Exports,790.42319
H4,36,AUS,Australia,180631,0,WLD,World,2017,Gross Exports,41526.50501
H4,40,AUT,Austria,180631,0,WLD,World,2017,Gross Exports,153645.5831
H4,48,BHR,Bahrain,180631,0,WLD,World,2017,Gross Exports,120.6088399
H4,51,ARM,Armenia,180631,0,WLD,World,2017,Gross Exports,271.55124
H4,56,BEL,Belgium,180631,0,WLD,World,2017,Gross Exports,116081.2923
H4,68,BOL,Bolivia,180631,0,WLD,World,2017,Gross Exports,98.68634
H4,70,BIH,Bosnia Herzg,180631,0,WLD,World,2017,Gross Exports,62.10973
H4,72,BWA,Botswana,180631,0,WLD,World,2017,Gross Exports,0.009810991
H4,76,BRA,Brazil,180631,0,WLD,World,2017,Gross Exports,8112.801
H4,97,EUN,European Union,180631,0,WLD,World,2017,Gross Exports,759383.2888
H4,100,BGR,Bulgaria,180631,0,WLD,World,2017,Gross Exports,31762.89088
H4,112,BLR,Belarus,180631,0,WLD,World,2017,Gross Exports,19186.3
H4,120,CMR,Cameroon,180631,0,WLD,World,2017,Gross Exports,1607.761335
H4,124,CAN,Canada,180631,0,WLD,World,2017,Gross Exports,214608.0927
H4,144,LKA,Sri Lanka,180631,0,WLD,World,2017,Gross Exports,4.159480187
H4,152,CHL,Chile,180631,0,WLD,World,2017,Gross Exports,1423.602459
H4,156,CHN,China,180631,0,WLD,World,2017,Gross Exports,65486.149
H4,170,COL,Colombia,180631,0,WLD,World,2017,Gross Exports,4287.3468
H4,178,COG,Congo,180631,0,WLD,World,2017,Gross Exports,12.92041434
H4,188,CRI,Costa Rica,180631,0,WLD,World,2017,Gross Exports,1310.897725
H4,191,HRV,Croatia,180631,0,WLD,World,2017,Gross Exports,47651.511
H4,196,CYP,Cyprus,180631,0,WLD,World,2017,Gross Exports,2.441241
H4,203,CZE,Czech Rep,180631,0,WLD,World,2017,Gross Exports,48068.868
H4,208,DNK,Denmark,180631,0,WLD,World,2017,Gross Exports,34160.35909
H4,214,DOM,Dominican Rp,180631,0,WLD,World,2017,Gross Exports,96.4863948
H4,218,ECU,Ecuador,180631,0,WLD,World,2017,Gross Exports,1250.52075
H4,222,SLV,El Salvador,180631,0,WLD,World,2017,Gross Exports,34.38793
H4,233,EST,Estonia,180631,0,WLD,World,2017,Gross Exports,1837.490244
H4,246,FIN,Finland,180631,0,WLD,World,2017,Gross Exports,7032.224012
H4,251,FRA,France+Monac,180631,0,WLD,World,2017,Gross Exports,105987.8799
H4,258,PYF,Fr.Polynesia,180631,0,WLD,World,2017,Gross Exports,39.92400256
H4,268,GEO,Georgia,180631,0,WLD,World,2017,Gross Exports,309.96218
H4,275,PSE,Occ.Pal.Terr,180631,0,WLD,World,2017,Gross Exports,5171.273297
H4,276,DEU,Germany,180631,0,WLD,World,2017,Gross Exports,1159229.766
H4,288,GHA,Ghana,180631,0,WLD,World,2017,Gross Exports,994.7455635
H4,300,GRC,Greece,180631,0,WLD,World,2017,Gross Exports,3685.3951
H4,320,GTM,Guatemala,180631,0,WLD,World,2017,Gross Exports,103.727
H4,340,HND,Honduras,180631,0,WLD,World,2017,Gross Exports,0.2
H4,344,HKG,Hong Kong,180631,0,WLD,World,2017,Gross Exports,18878.92199
H4,348,HUN,Hungary,180631,0,WLD,World,2017,Gross Exports,45130.989
H4,352,ISL,Iceland,180631,0,WLD,World,2017,Gross Exports,540.2148522
H4,360,IDN,Indonesia,180631,0,WLD,World,2017,Gross Exports,2258.01629
H4,364,IRN,Iran-Islam.R,180631,0,WLD,World,2017,Gross Exports,812.617
H4,372,IRL,Ireland,180631,0,WLD,World,2017,Gross Exports,27510.11937
H4,376,ISR,Israel,180631,0,WLD,World,2017,Gross Exports,709
H4,380,ITA,Italy,180631,0,WLD,World,2017,Gross Exports,147003.6951
H4,384,CIV,Cote Divoire,180631,0,WLD,World,2017,Gross Exports,12.80654229
H4,388,JAM,Jamaica,180631,0,WLD,World,2017,Gross Exports,4.2592
H4,392,JPN,Japan,180631,0,WLD,World,2017,Gross Exports,21456.19585
H4,398,KAZ,Kazakhstan,180631,0,WLD,World,2017,Gross Exports,2331.21778
H4,400,JOR,Jordan,180631,0,WLD,World,2017,Gross Exports,776.6579096
H4,404,KEN,Kenya,180631,0,WLD,World,2017,Gross Exports,78.17169849
H4,410,KOR,Korea Rep.,180631,0,WLD,World,2017,Gross Exports,6101.382
H4,414,KWT,Kuwait,180631,0,WLD,World,2017,Gross Exports,676.8734905
H4,417,KGZ,Kyrgyzstan,180631,0,WLD,World,2017,Gross Exports,0.005
H4,422,LBN,Lebanon,180631,0,WLD,World,2017,Gross Exports,16508.2737
H4,426,LSO,Lesotho,180631,0,WLD,World,2017,Gross Exports,4.46582
H4,428,LVA,Latvia,180631,0,WLD,World,2017,Gross Exports,5463.645672
H4,440,LTU,Lithuania,180631,0,WLD,World,2017,Gross Exports,42037.542
H4,442,LUX,Luxemberg,180631,0,WLD,World,2017,Gross Exports,1958.406848
H4,450,MDG,Madagascar,180631,0,WLD,World,2017,Gross Exports,15.925178
H4,458,MYS,Malaysia,180631,0,WLD,World,2017,Gross Exports,42515.11218
H4,470,MLT,Malta,180631,0,WLD,World,2017,Gross Exports,0.453220364
H4,480,MUS,Mauritius,180631,0,WLD,World,2017,Gross Exports,43.58965479
H4,484,MEX,Mexico,180631,0,WLD,World,2017,Gross Exports,9441.467
H4,490,OAS,Asia Othr.ns,180631,0,WLD,World,2017,Gross Exports,2538.99922
H4,496,MNG,Mongolia,180631,0,WLD,World,2017,Gross Exports,4.52275
H4,498,MDA,Rep.Moldova,180631,0,WLD,World,2017,Gross Exports,244.993
H4,504,MAR,Morocco,180631,0,WLD,World,2017,Gross Exports,47.78211202
H4,508,MOZ,Mozambique,180631,0,WLD,World,2017,Gross Exports,0.18797
H4,512,OMN,Oman,180631,0,WLD,World,2017,Gross Exports,1306.265162
H4,516,NAM,Namibia,180631,0,WLD,World,2017,Gross Exports,3.446259504
H4,528,NLD,Netherlands,180631,0,WLD,World,2017,Gross Exports,799637.2559
H4,554,NZL,New Zealand,180631,0,WLD,World,2017,Gross Exports,21531.29429
H4,558,NIC,Nicaragua,180631,0,WLD,World,2017,Gross Exports,7.15397
H4,579,NOR,"Norway,Sb,JM",180631,0,WLD,World,2017,Gross Exports,926.4230772
H4,591,PAN,Panama,180631,0,WLD,World,2017,Gross Exports,11809.154
H4,600,PRY,Paraguay,180631,0,WLD,World,2017,Gross Exports,5.239
H4,604,PER,Peru,180631,0,WLD,World,2017,Gross Exports,409.74117
H4,608,PHL,Philippines,180631,0,WLD,World,2017,Gross Exports,164.789
H4,616,POL,Poland,180631,0,WLD,World,2017,Gross Exports,122957.407
H4,620,PRT,Portugal,180631,0,WLD,World,2017,Gross Exports,4472.281834
H4,642,ROM,Romania,180631,0,WLD,World,2017,Gross Exports,15865.47304
H4,643,RUS,Russian Fed,180631,0,WLD,World,2017,Gross Exports,129004.203
H4,682,SAU,Saudi Arabia,180631,0,WLD,World,2017,Gross Exports,1753.71055
H4,686,SEN,Senegal,180631,0,WLD,World,2017,Gross Exports,116.850262
H4,688,SER,Yugoslavia,180631,0,WLD,World,2017,Gross Exports,9027.575
H4,699,IND,India,180631,0,WLD,World,2017,Gross Exports,8766.519557
H4,702,SGP,Singapore,180631,0,WLD,World,2017,Gross Exports,41753.75177
H4,703,SVK,Slovakia,180631,0,WLD,World,2017,Gross Exports,35305.00299
H4,704,VNM,Viet Nam,180631,0,WLD,World,2017,Gross Exports,341.5249
H4,705,SVN,Slovenia,180631,0,WLD,World,2017,Gross Exports,2341.59474
H4,710,ZAF,South Africa,180631,0,WLD,World,2017,Gross Exports,18551.96688
H4,716,ZWE,Zimbabwe,180631,0,WLD,World,2017,Gross Exports,237.02307
H4,724,ESP,Spain,180631,0,WLD,World,2017,Gross Exports,70936.01675
H4,748,SWZ,Swaziland,180631,0,WLD,World,2017,Gross Exports,0.192990111
H4,752,SWE,Sweden,180631,0,WLD,World,2017,Gross Exports,61453.92832
H4,757,CHE,Switz.Liecht,180631,0,WLD,World,2017,Gross Exports,36695.98077
H4,764,THA,Thailand,180631,0,WLD,World,2017,Gross Exports,244.5001
H4,768,TGO,Togo,180631,0,WLD,World,2017,Gross Exports,32.55625764
H4,780,TTO,Trinidad Tbg,180631,0,WLD,World,2017,Gross Exports,14008.76525
H4,784,ARE,Untd Arab Em,180631,0,WLD,World,2017,Gross Exports,63456.66456
H4,788,TUN,Tunisia,180631,0,WLD,World,2017,Gross Exports,5656.874385
H4,792,TUR,Turkey,180631,0,WLD,World,2017,Gross Exports,86197.802
H4,800,UGA,Uganda,180631,0,WLD,World,2017,Gross Exports,149.55729
H4,804,UKR,Ukraine,180631,0,WLD,World,2017,Gross Exports,14864.70238
H4,807,MKD,TFYR Macedna,180631,0,WLD,World,2017,Gross Exports,77.70303
H4,818,EGY,Egypt,180631,0,WLD,World,2017,Gross Exports,41842.33368
H4,826,GBR,Untd.Kingdom,180631,0,WLD,World,2017,Gross Exports,112207.5503
H4,834,TZA,Tanzania,180631,0,WLD,World,2017,Gross Exports,3.99108
H4,842,USA,"USA,PR,USVI",180631,0,WLD,World,2017,Gross Exports,202397.677
H4,860,UZB,Uzbekistan,180631,0,WLD,World,2017,Gross Exports,165.937
H4,8,ALB,Albania,180632,0,WLD,World,2016,Gross Exports,2.302
H4,12,DZA,Algeria,180632,0,WLD,World,2016,Gross Exports,11.385
H4,20,AND,Andorra,180632,0,WLD,World,2016,Gross Exports,1.399359317
H4,24,AGO,Angola,180632,0,WLD,World,2016,Gross Exports,0.08998
H4,32,ARG,Argentina,180632,0,WLD,World,2016,Gross Exports,6688.82914
H4,36,AUS,Australia,180632,0,WLD,World,2016,Gross Exports,23443.026
H4,40,AUT,Austria,180632,0,WLD,World,2016,Gross Exports,154467.1673
H4,48,BHR,Bahrain,180632,0,WLD,World,2016,Gross Exports,125.2661725
H4,51,ARM,Armenia,180632,0,WLD,World,2016,Gross Exports,127.311
H4,56,BEL,Belgium,180632,0,WLD,World,2016,Gross Exports,263950.3917
H4,68,BOL,Bolivia,180632,0,WLD,World,2016,Gross Exports,129.45483
H4,70,BIH,Bosnia Herzg,180632,0,WLD,World,2016,Gross Exports,4114.477
H4,72,BWA,Botswana,180632,0,WLD,World,2016,Gross Exports,0.193
H4,76,BRA,Brazil,180632,0,WLD,World,2016,Gross Exports,25447.951
H4,96,BRN,Brunei Darsm,180632,0,WLD,World,2016,Gross Exports,0.042
H4,97,EUN,European Union,180632,0,WLD,World,2016,Gross Exports,613630.7318
H4,100,BGR,Bulgaria,180632,0,WLD,World,2016,Gross Exports,49085.6482
H4,112,BLR,Belarus,180632,0,WLD,World,2016,Gross Exports,8801.4
H4,120,CMR,Cameroon,180632,0,WLD,World,2016,Gross Exports,1382.859
H4,124,CAN,Canada,180632,0,WLD,World,2016,Gross Exports,246953.4839
H4,144,LKA,Sri Lanka,180632,0,WLD,World,2016,Gross Exports,0.665
H4,152,CHL,Chile,180632,0,WLD,World,2016,Gross Exports,3753.297
H4,156,CHN,China,180632,0,WLD,World,2016,Gross Exports,23927.875
H4,170,COL,Colombia,180632,0,WLD,World,2016,Gross Exports,9393.481
H4,178,COG,Congo,180632,0,WLD,World,2016,Gross Exports,0.368940652
H4,188,CRI,Costa Rica,180632,0,WLD,World,2016,Gross Exports,2008.1984
H4,191,HRV,Croatia,180632,0,WLD,World,2016,Gross Exports,50896.151
H4,196,CYP,Cyprus,180632,0,WLD,World,2016,Gross Exports,170.790705
H4,203,CZE,Czech Rep,180632,0,WLD,World,2016,Gross Exports,46510.394
H4,204,BEN,Benin,180632,0,WLD,World,2016,Gross Exports,50.89547048
H4,208,DNK,Denmark,180632,0,WLD,World,2016,Gross Exports,21867.17063
H4,214,DOM,Dominican Rp,180632,0,WLD,World,2016,Gross Exports,1240.663533
H4,218,ECU,Ecuador,180632,0,WLD,World,2016,Gross Exports,1664.781
H4,222,SLV,El Salvador,180632,0,WLD,World,2016,Gross Exports,1597.28786
H4,233,EST,Estonia,180632,0,WLD,World,2016,Gross Exports,2810.286983
H4,242,FJI,Fiji,180632,0,WLD,World,2016,Gross Exports,0.971290325
H4,246,FIN,Finland,180632,0,WLD,World,2016,Gross Exports,14664.959
H4,251,FRA,France+Monac,180632,0,WLD,World,2016,Gross Exports,217840.752
H4,268,GEO,Georgia,180632,0,WLD,World,2016,Gross Exports,73.6588
H4,275,PSE,Occ.Pal.Terr,180632,0,WLD,World,2016,Gross Exports,735.29
H4,276,DEU,Germany,180632,0,WLD,World,2016,Gross Exports,1020247.506
H4,288,GHA,Ghana,180632,0,WLD,World,2016,Gross Exports,4.646
H4,300,GRC,Greece,180632,0,WLD,World,2016,Gross Exports,5337.25
H4,320,GTM,Guatemala,180632,0,WLD,World,2016,Gross Exports,124.674
H4,344,HKG,Hong Kong,180632,0,WLD,World,2016,Gross Exports,10002.69053
H4,348,HUN,Hungary,180632,0,WLD,World,2016,Gross Exports,16956.213
H4,352,ISL,Iceland,180632,0,WLD,World,2016,Gross Exports,342.28
H4,360,IDN,Indonesia,180632,0,WLD,World,2016,Gross Exports,13629.994
H4,364,IRN,Iran-Islam.R,180632,0,WLD,World,2016,Gross Exports,513.812
H4,372,IRL,Ireland,180632,0,WLD,World,2016,Gross Exports,115020.3407
H4,376,ISR,Israel,180632,0,WLD,World,2016,Gross Exports,4669
H4,380,ITA,Italy,180632,0,WLD,World,2016,Gross Exports,72928.56609
H4,384,CIV,Cote Divoire,180632,0,WLD,World,2016,Gross Exports,10.85947963
H4,388,JAM,Jamaica,180632,0,WLD,World,2016,Gross Exports,9.677
H4,392,JPN,Japan,180632,0,WLD,World,2016,Gross Exports,44705.156
H4,398,KAZ,Kazakhstan,180632,0,WLD,World,2016,Gross Exports,4546.451
H4,400,JOR,Jordan,180632,0,WLD,World,2016,Gross Exports,789.727
H4,404,KEN,Kenya,180632,0,WLD,World,2016,Gross Exports,118.60195
H4,410,KOR,Korea Rep.,180632,0,WLD,World,2016,Gross Exports,5112.934
H4,414,KWT,Kuwait,180632,0,WLD,World,2016,Gross Exports,495.8096548
H4,417,KGZ,Kyrgyzstan,180632,0,WLD,World,2016,Gross Exports,1.082
H4,422,LBN,Lebanon,180632,0,WLD,World,2016,Gross Exports,86.624
H4,426,LSO,Lesotho,180632,0,WLD,World,2016,Gross Exports,0.001768
H4,428,LVA,Latvia,180632,0,WLD,World,2016,Gross Exports,3123.080325
H4,440,LTU,Lithuania,180632,0,WLD,World,2016,Gross Exports,23841.039
H4,442,LUX,Luxemberg,180632,0,WLD,World,2016,Gross Exports,110.693
H4,446,MAC,Macau,180632,0,WLD,World,2016,Gross Exports,19.315
H4,450,MDG,Madagascar,180632,0,WLD,World,2016,Gross Exports,906.527137
H4,458,MYS,Malaysia,180632,0,WLD,World,2016,Gross Exports,29311.734
H4,470,MLT,Malta,180632,0,WLD,World,2016,Gross Exports,1.882
H4,480,MUS,Mauritius,180632,0,WLD,World,2016,Gross Exports,2.206098692
H4,484,MEX,Mexico,180632,0,WLD,World,2016,Gross Exports,98875.508
H4,490,OAS,Asia Othr.ns,180632,0,WLD,World,2016,Gross Exports,1372.967
H4,496,MNG,Mongolia,180632,0,WLD,World,2016,Gross Exports,54.795
H4,498,MDA,Rep.Moldova,180632,0,WLD,World,2016,Gross Exports,327.366
H4,499,MNT,Montenegro,180632,0,WLD,World,2016,Gross Exports,23.71548533
H4,504,MAR,Morocco,180632,0,WLD,World,2016,Gross Exports,255.387
H4,512,OMN,Oman,180632,0,WLD,World,2016,Gross Exports,0.260078
H4,516,NAM,Namibia,180632,0,WLD,World,2016,Gross Exports,11.289
H4,528,NLD,Netherlands,180632,0,WLD,World,2016,Gross Exports,64575.28735
H4,554,NZL,New Zealand,180632,0,WLD,World,2016,Gross Exports,20914.97669
H4,562,NER,Niger,180632,0,WLD,World,2016,Gross Exports,2.359705
H4,579,NOR,"Norway,Sb,JM",180632,0,WLD,World,2016,Gross Exports,5020.808
H4,591,PAN,Panama,180632,0,WLD,World,2016,Gross Exports,3162.809
H4,600,PRY,Paraguay,180632,0,WLD,World,2016,Gross Exports,2.395
H4,604,PER,Peru,180632,0,WLD,World,2016,Gross Exports,1943.11223
H4,616,POL,Poland,180632,0,WLD,World,2016,Gross Exports,200828.884
H4,620,PRT,Portugal,180632,0,WLD,World,2016,Gross Exports,4520.416219
H4,642,ROM,Romania,180632,0,WLD,World,2016,Gross Exports,12571.935
H4,643,RUS,Russian Fed,180632,0,WLD,World,2016,Gross Exports,42792.11851
H4,662,LCA,St.Lucia,180632,0,WLD,World,2016,Gross Exports,1.881
H4,682,SAU,Saudi Arabia,180632,0,WLD,World,2016,Gross Exports,715.0192951
H4,686,SEN,Senegal,180632,0,WLD,World,2016,Gross Exports,1.978
H4,688,SER,Yugoslavia,180632,0,WLD,World,2016,Gross Exports,15551.932
H4,699,IND,India,180632,0,WLD,World,2016,Gross Exports,981.476
H4,702,SGP,Singapore,180632,0,WLD,World,2016,Gross Exports,16075.29708
H4,703,SVK,Slovakia,180632,0,WLD,World,2016,Gross Exports,30509.75335
H4,704,VNM,Viet Nam,180632,0,WLD,World,2016,Gross Exports,5518.76075
H4,705,SVN,Slovenia,180632,0,WLD,World,2016,Gross Exports,1522.86334
H4,710,ZAF,South Africa,180632,0,WLD,World,2016,Gross Exports,4760.625402
H4,716,ZWE,Zimbabwe,180632,0,WLD,World,2016,Gross Exports,130.6379
H4,724,ESP,Spain,180632,0,WLD,World,2016,Gross Exports,130289.8152
H4,729,SUD,Sudan,180632,0,WLD,World,2016,Gross Exports,26.267
H4,748,SWZ,Swaziland,180632,0,WLD,World,2016,Gross Exports,0.453284207
H4,752,SWE,Sweden,180632,0,WLD,World,2016,Gross Exports,47271.83637
H4,757,CHE,Switz.Liecht,180632,0,WLD,World,2016,Gross Exports,427197.5167
H4,764,THA,Thailand,180632,0,WLD,World,2016,Gross Exports,1023.63263
H4,768,TGO,Togo,180632,0,WLD,World,2016,Gross Exports,162.840518
H4,780,TTO,Trinidad Tbg,180632,0,WLD,World,2016,Gross Exports,40.87167677
H4,784,ARE,Untd Arab Em,180632,0,WLD,World,2016,Gross Exports,41377.13589
H4,788,TUN,Tunisia,180632,0,WLD,World,2016,Gross Exports,7374.632
H4,792,TUR,Turkey,180632,0,WLD,World,2016,Gross Exports,30223.565
H4,800,UGA,Uganda,180632,0,WLD,World,2016,Gross Exports,115.017
H4,804,UKR,Ukraine,180632,0,WLD,World,2016,Gross Exports,27303.8063
H4,807,MKD,TFYR Macedna,180632,0,WLD,World,2016,Gross Exports,322.21854
H4,818,EGY,Egypt,180632,0,WLD,World,2016,Gross Exports,41050.54204
H4,826,GBR,Untd.Kingdom,180632,0,WLD,World,2016,Gross Exports,124985.874
H4,842,USA,"USA,PR,USVI",180632,0,WLD,World,2016,Gross Exports,173248.93
H4,858,URY,Uruguay,180632,0,WLD,World,2016,Gross Exports,15.908
H4,894,ZMB,Zambia,180632,0,WLD,World,2016,Gross Exports,98.130278
H4,12,DZA,Algeria,180631,0,WLD,World,2016,Gross Exports,333.102
H4,24,AGO,Angola,180631,0,WLD,World,2016,Gross Exports,2.89062
H4,31,AZE,Azerbaijan,180631,0,WLD,World,2016,Gross Exports,10.797
H4,32,ARG,Argentina,180631,0,WLD,World,2016,Gross Exports,656.73652
H4,36,AUS,Australia,180631,0,WLD,World,2016,Gross Exports,47082.484
H4,40,AUT,Austria,180631,0,WLD,World,2016,Gross Exports,129161.99
H4,48,BHR,Bahrain,180631,0,WLD,World,2016,Gross Exports,185.4902203
H4,51,ARM,Armenia,180631,0,WLD,World,2016,Gross Exports,168.393
H4,56,BEL,Belgium,180631,0,WLD,World,2016,Gross Exports,103515.8648
H4,68,BOL,Bolivia,180631,0,WLD,World,2016,Gross Exports,15.57083
H4,70,BIH,Bosnia Herzg,180631,0,WLD,World,2016,Gross Exports,28.469
H4,72,BWA,Botswana,180631,0,WLD,World,2016,Gross Exports,0.991
H4,76,BRA,Brazil,180631,0,WLD,World,2016,Gross Exports,6339.825
H4,84,BLZ,Belize,180631,0,WLD,World,2016,Gross Exports,0.053
H4,96,BRN,Brunei Darsm,180631,0,WLD,World,2016,Gross Exports,0.36
H4,97,EUN,European Union,180631,0,WLD,World,2016,Gross Exports,724386.543
H4,100,BGR,Bulgaria,180631,0,WLD,World,2016,Gross Exports,23192.07258
H4,112,BLR,Belarus,180631,0,WLD,World,2016,Gross Exports,8862
H4,120,CMR,Cameroon,180631,0,WLD,World,2016,Gross Exports,1237.415
H4,124,CAN,Canada,180631,0,WLD,World,2016,Gross Exports,196440.8608
H4,144,LKA,Sri Lanka,180631,0,WLD,World,2016,Gross Exports,1
H4,152,CHL,Chile,180631,0,WLD,World,2016,Gross Exports,1093.468227
H4,156,CHN,China,180631,0,WLD,World,2016,Gross Exports,41934.197
H4,170,COL,Colombia,180631,0,WLD,World,2016,Gross Exports,3190.007
H4,178,COG,Congo,180631,0,WLD,World,2016,Gross Exports,5.403354695
H4,188,CRI,Costa Rica,180631,0,WLD,World,2016,Gross Exports,1405.49409
H4,191,HRV,Croatia,180631,0,WLD,World,2016,Gross Exports,34600.32
H4,203,CZE,Czech Rep,180631,0,WLD,World,2016,Gross Exports,65343.803
H4,208,DNK,Denmark,180631,0,WLD,World,2016,Gross Exports,33011.51307
H4,214,DOM,Dominican Rp,180631,0,WLD,World,2016,Gross Exports,230.1504783
H4,218,ECU,Ecuador,180631,0,WLD,World,2016,Gross Exports,1684.428
H4,222,SLV,El Salvador,180631,0,WLD,World,2016,Gross Exports,43.59103
H4,233,EST,Estonia,180631,0,WLD,World,2016,Gross Exports,1279.546529
H4,246,FIN,Finland,180631,0,WLD,World,2016,Gross Exports,6404.252
H4,251,FRA,France+Monac,180631,0,WLD,World,2016,Gross Exports,114936.616
H4,258,PYF,Fr.Polynesia,180631,0,WLD,World,2016,Gross Exports,37.43974164
H4,268,GEO,Georgia,180631,0,WLD,World,2016,Gross Exports,92.52559
H4,275,PSE,Occ.Pal.Terr,180631,0,WLD,World,2016,Gross Exports,4976.567
H4,276,DEU,Germany,180631,0,WLD,World,2016,Gross Exports,1092441.18
H4,288,GHA,Ghana,180631,0,WLD,World,2016,Gross Exports,824.921
H4,300,GRC,Greece,180631,0,WLD,World,2016,Gross Exports,2884.477
H4,320,GTM,Guatemala,180631,0,WLD,World,2016,Gross Exports,146.054
H4,344,HKG,Hong Kong,180631,0,WLD,World,2016,Gross Exports,16508.55812
H4,348,HUN,Hungary,180631,0,WLD,World,2016,Gross Exports,42202.733
H4,352,ISL,Iceland,180631,0,WLD,World,2016,Gross Exports,297.718
H4,360,IDN,Indonesia,180631,0,WLD,World,2016,Gross Exports,2434.248
H4,364,IRN,Iran-Islam.R,180631,0,WLD,World,2016,Gross Exports,17399.114
H4,372,IRL,Ireland,180631,0,WLD,World,2016,Gross Exports,34173.67201
H4,376,ISR,Israel,180631,0,WLD,World,2016,Gross Exports,804
H4,380,ITA,Italy,180631,0,WLD,World,2016,Gross Exports,96055.65324
H4,388,JAM,Jamaica,180631,0,WLD,World,2016,Gross Exports,2.515
H4,392,JPN,Japan,180631,0,WLD,World,2016,Gross Exports,25562.726
H4,398,KAZ,Kazakhstan,180631,0,WLD,World,2016,Gross Exports,1504.829
H4,400,JOR,Jordan,180631,0,WLD,World,2016,Gross Exports,772.648
H4,404,KEN,Kenya,180631,0,WLD,World,2016,Gross Exports,4.64316
H4,410,KOR,Korea Rep.,180631,0,WLD,World,2016,Gross Exports,6485.451
H4,414,KWT,Kuwait,180631,0,WLD,World,2016,Gross Exports,1272.660709
H4,417,KGZ,Kyrgyzstan,180631,0,WLD,World,2016,Gross Exports,3.594
H4,422,LBN,Lebanon,180631,0,WLD,World,2016,Gross Exports,17744.69
H4,426,LSO,Lesotho,180631,0,WLD,World,2016,Gross Exports,0.617073
H4,428,LVA,Latvia,180631,0,WLD,World,2016,Gross Exports,2641.268694
H4,440,LTU,Lithuania,180631,0,WLD,World,2016,Gross Exports,46073.04
H4,442,LUX,Luxemberg,180631,0,WLD,World,2016,Gross Exports,1698.614
H4,446,MAC,Macau,180631,0,WLD,World,2016,Gross Exports,3.911
H4,450,MDG,Madagascar,180631,0,WLD,World,2016,Gross Exports,13.02719
H4,458,MYS,Malaysia,180631,0,WLD,World,2016,Gross Exports,38670.014
H4,480,MUS,Mauritius,180631,0,WLD,World,2016,Gross Exports,93.67296372
H4,484,MEX,Mexico,180631,0,WLD,World,2016,Gross Exports,18107.86
H4,490,OAS,Asia Othr.ns,180631,0,WLD,World,2016,Gross Exports,3623.739
H4,496,MNG,Mongolia,180631,0,WLD,World,2016,Gross Exports,6.665
H4,498,MDA,Rep.Moldova,180631,0,WLD,World,2016,Gross Exports,227.348
H4,504,MAR,Morocco,180631,0,WLD,World,2016,Gross Exports,195.243
H4,512,OMN,Oman,180631,0,WLD,World,2016,Gross Exports,73.895962
H4,516,NAM,Namibia,180631,0,WLD,World,2016,Gross Exports,2.151
H4,528,NLD,Netherlands,180631,0,WLD,World,2016,Gross Exports,770532.7532
H4,554,NZL,New Zealand,180631,0,WLD,World,2016,Gross Exports,21850.64262
H4,558,NIC,Nicaragua,180631,0,WLD,World,2016,Gross Exports,12.3491
H4,579,NOR,"Norway,Sb,JM",180631,0,WLD,World,2016,Gross Exports,517.683
H4,591,PAN,Panama,180631,0,WLD,World,2016,Gross Exports,13743.896
H4,600,PRY,Paraguay,180631,0,WLD,World,2016,Gross Exports,1.601
H4,604,PER,Peru,180631,0,WLD,World,2016,Gross Exports,491.74115
H4,616,POL,Poland,180631,0,WLD,World,2016,Gross Exports,147116.303
H4,620,PRT,Portugal,180631,0,WLD,World,2016,Gross Exports,6085.071872
H4,642,ROM,Romania,180631,0,WLD,World,2016,Gross Exports,12157.347
H4,643,RUS,Russian Fed,180631,0,WLD,World,2016,Gross Exports,106685.3852
H4,662,LCA,St.Lucia,180631,0,WLD,World,2016,Gross Exports,0.03
H4,682,SAU,Saudi Arabia,180631,0,WLD,World,2016,Gross Exports,3048.633183
H4,686,SEN,Senegal,180631,0,WLD,World,2016,Gross Exports,99.804
H4,688,SER,Yugoslavia,180631,0,WLD,World,2016,Gross Exports,8152.39
H4,699,IND,India,180631,0,WLD,World,2016,Gross Exports,2263.717
H4,702,SGP,Singapore,180631,0,WLD,World,2016,Gross Exports,39376.61201
H4,703,SVK,Slovakia,180631,0,WLD,World,2016,Gross Exports,44396.63849
H4,704,VNM,Viet Nam,180631,0,WLD,World,2016,Gross Exports,356.20157
H4,705,SVN,Slovenia,180631,0,WLD,World,2016,Gross Exports,2773.15066
H4,710,ZAF,South Africa,180631,0,WLD,World,2016,Gross Exports,14169.01822
H4,716,ZWE,Zimbabwe,180631,0,WLD,World,2016,Gross Exports,292.20017
H4,724,ESP,Spain,180631,0,WLD,World,2016,Gross Exports,64032.5795
H4,748,SWZ,Swaziland,180631,0,WLD,World,2016,Gross Exports,1038.778501
H4,752,SWE,Sweden,180631,0,WLD,World,2016,Gross Exports,37377.34813
H4,757,CHE,Switz.Liecht,180631,0,WLD,World,2016,Gross Exports,34182.47626
H4,764,THA,Thailand,180631,0,WLD,World,2016,Gross Exports,762.25364
H4,780,TTO,Trinidad Tbg,180631,0,WLD,World,2016,Gross Exports,9752.04564
H4,784,ARE,Untd Arab Em,180631,0,WLD,World,2016,Gross Exports,78939.27981
H4,788,TUN,Tunisia,180631,0,WLD,World,2016,Gross Exports,8059.434
H4,792,TUR,Turkey,180631,0,WLD,World,2016,Gross Exports,68974.551
H4,800,UGA,Uganda,180631,0,WLD,World,2016,Gross Exports,144.236
H4,804,UKR,Ukraine,180631,0,WLD,World,2016,Gross Exports,5013.58799
H4,807,MKD,TFYR Macedna,180631,0,WLD,World,2016,Gross Exports,125.15207
H4,818,EGY,Egypt,180631,0,WLD,World,2016,Gross Exports,36945.95711
H4,826,GBR,Untd.Kingdom,180631,0,WLD,World,2016,Gross Exports,95483.772
H4,834,TZA,Tanzania,180631,0,WLD,World,2016,Gross Exports,8.01
H4,842,USA,"USA,PR,USVI",180631,0,WLD,World,2016,Gross Exports,204120.774
H4,882,WSM,Samoa,180631,0,WLD,World,2016,Gross Exports,0.062
H4,12,DZA,Algeria,180632,0,WLD,World,2015,Gross Exports,4.255
H4,32,ARG,Argentina,180632,0,WLD,World,2015,Gross Exports,7700.61568
H4,36,AUS,Australia,180632,0,WLD,World,2015,Gross Exports,15663.222
H4,40,AUT,Austria,180632,0,WLD,World,2015,Gross Exports,183870.0912
H4,48,BHR,Bahrain,180632,0,WLD,World,2015,Gross Exports,4.197865288
H4,51,ARM,Armenia,180632,0,WLD,World,2015,Gross Exports,130.629
H4,56,BEL,Belgium,180632,0,WLD,World,2015,Gross Exports,262353.0145
H4,68,BOL,Bolivia,180632,0,WLD,World,2015,Gross Exports,52.85952
H4,70,BIH,Bosnia Herzg,180632,0,WLD,World,2015,Gross Exports,4135.438
H4,72,BWA,Botswana,180632,0,WLD,World,2015,Gross Exports,0.007469795
H4,76,BRA,Brazil,180632,0,WLD,World,2015,Gross Exports,21624.234
H4,96,BRN,Brunei Darsm,180632,0,WLD,World,2015,Gross Exports,0.219
H4,97,EUN,European Union,180632,0,WLD,World,2015,Gross Exports,595486.9865
H4,100,BGR,Bulgaria,180632,0,WLD,World,2015,Gross Exports,44791.205
H4,112,BLR,Belarus,180632,0,WLD,World,2015,Gross Exports,6561.8
H4,120,CMR,Cameroon,180632,0,WLD,World,2015,Gross Exports,1201.993
H4,124,CAN,Canada,180632,0,WLD,World,2015,Gross Exports,212197.1788
H4,144,LKA,Sri Lanka,180632,0,WLD,World,2015,Gross Exports,0.322
H4,152,CHL,Chile,180632,0,WLD,World,2015,Gross Exports,4187.3768
H4,156,CHN,China,180632,0,WLD,World,2015,Gross Exports,22156.295
H4,170,COL,Colombia,180632,0,WLD,World,2015,Gross Exports,8259.271
H4,178,COG,Congo,180632,0,WLD,World,2015,Gross Exports,4.256407144
H4,188,CRI,Costa Rica,180632,0,WLD,World,2015,Gross Exports,2016.277
H4,191,HRV,Croatia,180632,0,WLD,World,2015,Gross Exports,50913.465
H4,196,CYP,Cyprus,180632,0,WLD,World,2015,Gross Exports,227.21162
H4,203,CZE,Czech Rep,180632,0,WLD,World,2015,Gross Exports,51099.36
H4,204,BEN,Benin,180632,0,WLD,World,2015,Gross Exports,26.03005162
H4,208,DNK,Denmark,180632,0,WLD,World,2015,Gross Exports,22029.524
H4,214,DOM,Dominican Rp,180632,0,WLD,World,2015,Gross Exports,1540.197631
H4,218,ECU,Ecuador,180632,0,WLD,World,2015,Gross Exports,1622.14
H4,222,SLV,El Salvador,180632,0,WLD,World,2015,Gross Exports,1556.46224
H4,231,ETH,Ethiopia,180632,0,WLD,World,2015,Gross Exports,0.01029846
H4,233,EST,Estonia,180632,0,WLD,World,2015,Gross Exports,2059.393
H4,242,FJI,Fiji,180632,0,WLD,World,2015,Gross Exports,3.22460172
H4,246,FIN,Finland,180632,0,WLD,World,2015,Gross Exports,14609.368
H4,251,FRA,France+Monac,180632,0,WLD,World,2015,Gross Exports,187151.326
H4,268,GEO,Georgia,180632,0,WLD,World,2015,Gross Exports,158.67155
H4,275,PSE,Occ.Pal.Terr,180632,0,WLD,World,2015,Gross Exports,2549.729
H4,276,DEU,Germany,180632,0,WLD,World,2015,Gross Exports,1059905.781
H4,288,GHA,Ghana,180632,0,WLD,World,2015,Gross Exports,34.82479442
H4,300,GRC,Greece,180632,0,WLD,World,2015,Gross Exports,3887.569
H4,320,GTM,Guatemala,180632,0,WLD,World,2015,Gross Exports,172.625
H4,344,HKG,Hong Kong,180632,0,WLD,World,2015,Gross Exports,11528.50209
H4,348,HUN,Hungary,180632,0,WLD,World,2015,Gross Exports,8268.375
H4,352,ISL,Iceland,180632,0,WLD,World,2015,Gross Exports,627.23
H4,360,IDN,Indonesia,180632,0,WLD,World,2015,Gross Exports,5448.779
H4,364,IRN,Iran-Islam.R,180632,0,WLD,World,2015,Gross Exports,8.387
H4,372,IRL,Ireland,180632,0,WLD,World,2015,Gross Exports,119896.8517
H4,376,ISR,Israel,180632,0,WLD,World,2015,Gross Exports,1968
H4,380,ITA,Italy,180632,0,WLD,World,2015,Gross Exports,64436.32349
H4,384,CIV,Cote Divoire,180632,0,WLD,World,2015,Gross Exports,843.4189766
H4,388,JAM,Jamaica,180632,0,WLD,World,2015,Gross Exports,0.185
H4,392,JPN,Japan,180632,0,WLD,World,2015,Gross Exports,37980.344
H4,398,KAZ,Kazakhstan,180632,0,WLD,World,2015,Gross Exports,3717.873
H4,400,JOR,Jordan,180632,0,WLD,World,2015,Gross Exports,855.114
H4,404,KEN,Kenya,180632,0,WLD,World,2015,Gross Exports,104.62484
H4,410,KOR,Korea Rep.,180632,0,WLD,World,2015,Gross Exports,2554.04
H4,414,KWT,Kuwait,180632,0,WLD,World,2015,Gross Exports,424.2960338
H4,417,KGZ,Kyrgyzstan,180632,0,WLD,World,2015,Gross Exports,98.067
H4,422,LBN,Lebanon,180632,0,WLD,World,2015,Gross Exports,98.94582597
H4,428,LVA,Latvia,180632,0,WLD,World,2015,Gross Exports,3459.195251
H4,440,LTU,Lithuania,180632,0,WLD,World,2015,Gross Exports,23740.668
H4,442,LUX,Luxemberg,180632,0,WLD,World,2015,Gross Exports,131.054
H4,446,MAC,Macau,180632,0,WLD,World,2015,Gross Exports,173.367
H4,450,MDG,Madagascar,180632,0,WLD,World,2015,Gross Exports,813.112383
H4,458,MYS,Malaysia,180632,0,WLD,World,2015,Gross Exports,9798.501
H4,470,MLT,Malta,180632,0,WLD,World,2015,Gross Exports,89.644
H4,480,MUS,Mauritius,180632,0,WLD,World,2015,Gross Exports,14.18
H4,484,MEX,Mexico,180632,0,WLD,World,2015,Gross Exports,110228.406
H4,490,OAS,Asia Othr.ns,180632,0,WLD,World,2015,Gross Exports,1259.098
H4,496,MNG,Mongolia,180632,0,WLD,World,2015,Gross Exports,83.185
H4,498,MDA,Rep.Moldova,180632,0,WLD,World,2015,Gross Exports,233.504
H4,499,MNT,Montenegro,180632,0,WLD,World,2015,Gross Exports,0.016
H4,504,MAR,Morocco,180632,0,WLD,World,2015,Gross Exports,230.814119
H4,512,OMN,Oman,180632,0,WLD,World,2015,Gross Exports,4.94668356
H4,516,NAM,Namibia,180632,0,WLD,World,2015,Gross Exports,4.661
H4,528,NLD,Netherlands,180632,0,WLD,World,2015,Gross Exports,66224.63271
H4,540,NCL,New Calednia,180632,0,WLD,World,2015,Gross Exports,203.858
H4,554,NZL,New Zealand,180632,0,WLD,World,2015,Gross Exports,26094.02051
H4,558,NIC,Nicaragua,180632,0,WLD,World,2015,Gross Exports,1.578
H4,562,NER,Niger,180632,0,WLD,World,2015,Gross Exports,5.804
H4,579,NOR,"Norway,Sb,JM",180632,0,WLD,World,2015,Gross Exports,6015.932223
H4,591,PAN,Panama,180632,0,WLD,World,2015,Gross Exports,2989.343
H4,604,PER,Peru,180632,0,WLD,World,2015,Gross Exports,2424.78191
H4,616,POL,Poland,180632,0,WLD,World,2015,Gross Exports,196870.784
H4,620,PRT,Portugal,180632,0,WLD,World,2015,Gross Exports,3803.906098
H4,642,ROM,Romania,180632,0,WLD,World,2015,Gross Exports,10168.933
H4,643,RUS,Russian Fed,180632,0,WLD,World,2015,Gross Exports,33521.97
H4,646,RWA,Rwanda,180632,0,WLD,World,2015,Gross Exports,5.137550418
H4,682,SAU,Saudi Arabia,180632,0,WLD,World,2015,Gross Exports,278.819809
H4,686,SEN,Senegal,180632,0,WLD,World,2015,Gross Exports,37.262
H4,688,SER,Yugoslavia,180632,0,WLD,World,2015,Gross Exports,15000.773
H4,699,IND,India,180632,0,WLD,World,2015,Gross Exports,1023.278
H4,702,SGP,Singapore,180632,0,WLD,World,2015,Gross Exports,14136.0863
H4,703,SVK,Slovakia,180632,0,WLD,World,2015,Gross Exports,33008.66082
H4,704,VNM,Viet Nam,180632,0,WLD,World,2015,Gross Exports,3886.114
H4,705,SVN,Slovenia,180632,0,WLD,World,2015,Gross Exports,1306.188
H4,710,ZAF,South Africa,180632,0,WLD,World,2015,Gross Exports,5646.288238
H4,716,ZWE,Zimbabwe,180632,0,WLD,World,2015,Gross Exports,60.84409
H4,724,ESP,Spain,180632,0,WLD,World,2015,Gross Exports,135865.5912
H4,748,SWZ,Swaziland,180632,0,WLD,World,2015,Gross Exports,3.027643848
H4,752,SWE,Sweden,180632,0,WLD,World,2015,Gross Exports,50515.73235
H4,757,CHE,Switz.Liecht,180632,0,WLD,World,2015,Gross Exports,432987.3477
H4,764,THA,Thailand,180632,0,WLD,World,2015,Gross Exports,2063.06415
H4,768,TGO,Togo,180632,0,WLD,World,2015,Gross Exports,88.092055
H4,784,ARE,Untd Arab Em,180632,0,WLD,World,2015,Gross Exports,44129.7501
H4,788,TUN,Tunisia,180632,0,WLD,World,2015,Gross Exports,8002.098
H4,792,TUR,Turkey,180632,0,WLD,World,2015,Gross Exports,52246.468
H4,804,UKR,Ukraine,180632,0,WLD,World,2015,Gross Exports,31329.821
H4,807,MKD,TFYR Macedna,180632,0,WLD,World,2015,Gross Exports,445.18227
H4,818,EGY,Egypt,180632,0,WLD,World,2015,Gross Exports,25450.12596
H4,826,GBR,Untd.Kingdom,180632,0,WLD,World,2015,Gross Exports,131257.017
H4,842,USA,"USA,PR,USVI",180632,0,WLD,World,2015,Gross Exports,176880.56
H4,854,BFA,Burkina Faso,180632,0,WLD,World,2015,Gross Exports,2.909258608
H4,858,URY,Uruguay,180632,0,WLD,World,2015,Gross Exports,8.959
H4,894,ZMB,Zambia,180632,0,WLD,World,2015,Gross Exports,66.393268
H4,12,DZA,Algeria,180631,0,WLD,World,2015,Gross Exports,60.772
H4,24,AGO,Angola,180631,0,WLD,World,2015,Gross Exports,2.53852
H4,32,ARG,Argentina,180631,0,WLD,World,2015,Gross Exports,2280.7772
H4,36,AUS,Australia,180631,0,WLD,World,2015,Gross Exports,43158.749
H4,40,AUT,Austria,180631,0,WLD,World,2015,Gross Exports,123982.5332
H4,48,BHR,Bahrain,180631,0,WLD,World,2015,Gross Exports,275.3750959
H4,50,BGD,Bangladesh,180631,0,WLD,World,2015,Gross Exports,0.607
H4,51,ARM,Armenia,180631,0,WLD,World,2015,Gross Exports,52.026
H4,56,BEL,Belgium,180631,0,WLD,World,2015,Gross Exports,96999.28289
H4,68,BOL,Bolivia,180631,0,WLD,World,2015,Gross Exports,22.81406
H4,70,BIH,Bosnia Herzg,180631,0,WLD,World,2015,Gross Exports,17.996
H4,72,BWA,Botswana,180631,0,WLD,World,2015,Gross Exports,1.680703931
H4,76,BRA,Brazil,180631,0,WLD,World,2015,Gross Exports,3117.942
H4,84,BLZ,Belize,180631,0,WLD,World,2015,Gross Exports,55.014
H4,97,EUN,European Union,180631,0,WLD,World,2015,Gross Exports,731239.799
H4,100,BGR,Bulgaria,180631,0,WLD,World,2015,Gross Exports,19770.637
H4,112,BLR,Belarus,180631,0,WLD,World,2015,Gross Exports,13597.8
H4,120,CMR,Cameroon,180631,0,WLD,World,2015,Gross Exports,1648.295
H4,124,CAN,Canada,180631,0,WLD,World,2015,Gross Exports,171634.807
H4,144,LKA,Sri Lanka,180631,0,WLD,World,2015,Gross Exports,117.068
H4,152,CHL,Chile,180631,0,WLD,World,2015,Gross Exports,989.1337744
H4,156,CHN,China,180631,0,WLD,World,2015,Gross Exports,19054.582
H4,170,COL,Colombia,180631,0,WLD,World,2015,Gross Exports,3079.616
H4,188,CRI,Costa Rica,180631,0,WLD,World,2015,Gross Exports,861.496
H4,191,HRV,Croatia,180631,0,WLD,World,2015,Gross Exports,27347.961
H4,203,CZE,Czech Rep,180631,0,WLD,World,2015,Gross Exports,52688.165
H4,204,BEN,Benin,180631,0,WLD,World,2015,Gross Exports,8.639639885
H4,208,DNK,Denmark,180631,0,WLD,World,2015,Gross Exports,29176.286
H4,214,DOM,Dominican Rp,180631,0,WLD,World,2015,Gross Exports,481.7122001
H4,218,ECU,Ecuador,180631,0,WLD,World,2015,Gross Exports,187.695
H4,222,SLV,El Salvador,180631,0,WLD,World,2015,Gross Exports,29.25015
H4,233,EST,Estonia,180631,0,WLD,World,2015,Gross Exports,1012.432
H4,242,FJI,Fiji,180631,0,WLD,World,2015,Gross Exports,0.81330138
H4,246,FIN,Finland,180631,0,WLD,World,2015,Gross Exports,5813.786
H4,251,FRA,France+Monac,180631,0,WLD,World,2015,Gross Exports,113152.734
H4,258,PYF,Fr.Polynesia,180631,0,WLD,World,2015,Gross Exports,41.251
H4,268,GEO,Georgia,180631,0,WLD,World,2015,Gross Exports,87.42193
H4,275,PSE,Occ.Pal.Terr,180631,0,WLD,World,2015,Gross Exports,3458.566
H4,276,DEU,Germany,180631,0,WLD,World,2015,Gross Exports,1027929.112
H4,288,GHA,Ghana,180631,0,WLD,World,2015,Gross Exports,8.966134973
H4,300,GRC,Greece,180631,0,WLD,World,2015,Gross Exports,2919.866
H4,308,GRD,Grenada,180631,0,WLD,World,2015,Gross Exports,4.44444
H4,320,GTM,Guatemala,180631,0,WLD,World,2015,Gross Exports,167.3
H4,340,HND,Honduras,180631,0,WLD,World,2015,Gross Exports,6.041
H4,344,HKG,Hong Kong,180631,0,WLD,World,2015,Gross Exports,17960.51311
H4,348,HUN,Hungary,180631,0,WLD,World,2015,Gross Exports,37857.693
H4,352,ISL,Iceland,180631,0,WLD,World,2015,Gross Exports,195.16
H4,360,IDN,Indonesia,180631,0,WLD,World,2015,Gross Exports,1897.059
H4,364,IRN,Iran-Islam.R,180631,0,WLD,World,2015,Gross Exports,2554.201
H4,372,IRL,Ireland,180631,0,WLD,World,2015,Gross Exports,30771.93808
H4,376,ISR,Israel,180631,0,WLD,World,2015,Gross Exports,622
H4,380,ITA,Italy,180631,0,WLD,World,2015,Gross Exports,117511.0465
H4,384,CIV,Cote Divoire,180631,0,WLD,World,2015,Gross Exports,0.03891232
H4,392,JPN,Japan,180631,0,WLD,World,2015,Gross Exports,25007.352
H4,398,KAZ,Kazakhstan,180631,0,WLD,World,2015,Gross Exports,3018.687
H4,400,JOR,Jordan,180631,0,WLD,World,2015,Gross Exports,785.651
H4,404,KEN,Kenya,180631,0,WLD,World,2015,Gross Exports,15.66668
H4,410,KOR,Korea Rep.,180631,0,WLD,World,2015,Gross Exports,5664.492
H4,414,KWT,Kuwait,180631,0,WLD,World,2015,Gross Exports,1058.855344
H4,417,KGZ,Kyrgyzstan,180631,0,WLD,World,2015,Gross Exports,7.411
H4,422,LBN,Lebanon,180631,0,WLD,World,2015,Gross Exports,14277.30324
H4,426,LSO,Lesotho,180631,0,WLD,World,2015,Gross Exports,0.086998
H4,428,LVA,Latvia,180631,0,WLD,World,2015,Gross Exports,1909.066901
H4,440,LTU,Lithuania,180631,0,WLD,World,2015,Gross Exports,40799.66
H4,442,LUX,Luxemberg,180631,0,WLD,World,2015,Gross Exports,1541.094
H4,450,MDG,Madagascar,180631,0,WLD,World,2015,Gross Exports,104.221562
H4,458,MYS,Malaysia,180631,0,WLD,World,2015,Gross Exports,38264.494
H4,470,MLT,Malta,180631,0,WLD,World,2015,Gross Exports,0.613
H4,480,MUS,Mauritius,180631,0,WLD,World,2015,Gross Exports,25.751
H4,484,MEX,Mexico,180631,0,WLD,World,2015,Gross Exports,14452.166
H4,490,OAS,Asia Othr.ns,180631,0,WLD,World,2015,Gross Exports,1194.587
H4,496,MNG,Mongolia,180631,0,WLD,World,2015,Gross Exports,49.885
H4,498,MDA,Rep.Moldova,180631,0,WLD,World,2015,Gross Exports,190.092
H4,499,MNT,Montenegro,180631,0,WLD,World,2015,Gross Exports,2544.863
H4,504,MAR,Morocco,180631,0,WLD,World,2015,Gross Exports,469.462231
H4,512,OMN,Oman,180631,0,WLD,World,2015,Gross Exports,137.9115611
H4,516,NAM,Namibia,180631,0,WLD,World,2015,Gross Exports,6.969
H4,528,NLD,Netherlands,180631,0,WLD,World,2015,Gross Exports,723902.3298
H4,540,NCL,New Calednia,180631,0,WLD,World,2015,Gross Exports,13.408
H4,554,NZL,New Zealand,180631,0,WLD,World,2015,Gross Exports,11788.23533
H4,558,NIC,Nicaragua,180631,0,WLD,World,2015,Gross Exports,19.307
H4,566,NGA,Nigeria,180631,0,WLD,World,2015,Gross Exports,27.57068
H4,579,NOR,"Norway,Sb,JM",180631,0,WLD,World,2015,Gross Exports,717.9476824
H4,591,PAN,Panama,180631,0,WLD,World,2015,Gross Exports,8878.908
H4,600,PRY,Paraguay,180631,0,WLD,World,2015,Gross Exports,3.066
H4,604,PER,Peru,180631,0,WLD,World,2015,Gross Exports,569.6135
H4,616,POL,Poland,180631,0,WLD,World,2015,Gross Exports,131977.436
H4,620,PRT,Portugal,180631,0,WLD,World,2015,Gross Exports,3620.667754
H4,642,ROM,Romania,180631,0,WLD,World,2015,Gross Exports,11402.012
H4,643,RUS,Russian Fed,180631,0,WLD,World,2015,Gross Exports,110203.837
H4,682,SAU,Saudi Arabia,180631,0,WLD,World,2015,Gross Exports,5260.98455
H4,686,SEN,Senegal,180631,0,WLD,World,2015,Gross Exports,113.714
H4,688,SER,Yugoslavia,180631,0,WLD,World,2015,Gross Exports,6101.959
H4,699,IND,India,180631,0,WLD,World,2015,Gross Exports,2474.722
H4,702,SGP,Singapore,180631,0,WLD,World,2015,Gross Exports,34509.19491
H4,703,SVK,Slovakia,180631,0,WLD,World,2015,Gross Exports,40015.63151
H4,704,VNM,Viet Nam,180631,0,WLD,World,2015,Gross Exports,84.74
H4,705,SVN,Slovenia,180631,0,WLD,World,2015,Gross Exports,2168.999
H4,710,ZAF,South Africa,180631,0,WLD,World,2015,Gross Exports,15520.48887
H4,716,ZWE,Zimbabwe,180631,0,WLD,World,2015,Gross Exports,356.5
H4,724,ESP,Spain,180631,0,WLD,World,2015,Gross Exports,66204.99479
H4,748,SWZ,Swaziland,180631,0,WLD,World,2015,Gross Exports,2742.138858
H4,752,SWE,Sweden,180631,0,WLD,World,2015,Gross Exports,36903.24137
H4,757,CHE,Switz.Liecht,180631,0,WLD,World,2015,Gross Exports,38114.23567
H4,764,THA,Thailand,180631,0,WLD,World,2015,Gross Exports,1048.01119
H4,768,TGO,Togo,180631,0,WLD,World,2015,Gross Exports,25.586398
H4,784,ARE,Untd Arab Em,180631,0,WLD,World,2015,Gross Exports,200732.4132
H4,788,TUN,Tunisia,180631,0,WLD,World,2015,Gross Exports,3447.528
H4,792,TUR,Turkey,180631,0,WLD,World,2015,Gross Exports,77722.814
H4,800,UGA,Uganda,180631,0,WLD,World,2015,Gross Exports,0.994
H4,804,UKR,Ukraine,180631,0,WLD,World,2015,Gross Exports,3450.107
H4,807,MKD,TFYR Macedna,180631,0,WLD,World,2015,Gross Exports,78.73995
H4,818,EGY,Egypt,180631,0,WLD,World,2015,Gross Exports,69670.58134
H4,826,GBR,Untd.Kingdom,180631,0,WLD,World,2015,Gross Exports,91834.621
H4,834,TZA,Tanzania,180631,0,WLD,World,2015,Gross Exports,0.152
H4,842,USA,"USA,PR,USVI",180631,0,WLD,World,2015,Gross Exports,221387.975
H4,858,URY,Uruguay,180631,0,WLD,World,2015,Gross Exports,2.443
H4,882,WSM,Samoa,180631,0,WLD,World,2015,Gross Exports,0.087
H4,887,YEM,Yemen,180631,0,WLD,World,2015,Gross Exports,32.044
H4,12,DZA,Algeria,180632,0,WLD,World,2014,Gross Exports,6.458
H4,32,ARG,Argentina,180632,0,WLD,World,2014,Gross Exports,5794.51455
H4,36,AUS,Australia,180632,0,WLD,World,2014,Gross Exports,21282.578
H4,40,AUT,Austria,180632,0,WLD,World,2014,Gross Exports,202864.2957
H4,48,BHR,Bahrain,180632,0,WLD,World,2014,Gross Exports,114.837
H4,51,ARM,Armenia,180632,0,WLD,World,2014,Gross Exports,42.894
H4,56,BEL,Belgium,180632,0,WLD,World,2014,Gross Exports,281015.1136
H4,68,BOL,Bolivia,180632,0,WLD,World,2014,Gross Exports,99.98584
H4,70,BIH,Bosnia Herzg,180632,0,WLD,World,2014,Gross Exports,4859.871
H4,72,BWA,Botswana,180632,0,WLD,World,2014,Gross Exports,0.003685172
H4,76,BRA,Brazil,180632,0,WLD,World,2014,Gross Exports,25401.013
H4,96,BRN,Brunei Darsm,180632,0,WLD,World,2014,Gross Exports,5.271
H4,97,EUN,European Union,180632,0,WLD,World,2014,Gross Exports,649220.3
H4,100,BGR,Bulgaria,180632,0,WLD,World,2014,Gross Exports,42972.296
H4,112,BLR,Belarus,180632,0,WLD,World,2014,Gross Exports,9526.8
H4,120,CMR,Cameroon,180632,0,WLD,World,2014,Gross Exports,1136.797
H4,124,CAN,Canada,180632,0,WLD,World,2014,Gross Exports,174084.388
H4,144,LKA,Sri Lanka,180632,0,WLD,World,2014,Gross Exports,0.162
H4,152,CHL,Chile,180632,0,WLD,World,2014,Gross Exports,4537.52351
H4,156,CHN,China,180632,0,WLD,World,2014,Gross Exports,23940.063
H4,170,COL,Colombia,180632,0,WLD,World,2014,Gross Exports,10500.013
H4,178,COG,Congo,180632,0,WLD,World,2014,Gross Exports,1.529910689
H4,188,CRI,Costa Rica,180632,0,WLD,World,2014,Gross Exports,1739.385
H4,191,HRV,Croatia,180632,0,WLD,World,2014,Gross Exports,45334.147
H4,196,CYP,Cyprus,180632,0,WLD,World,2014,Gross Exports,65.205486
H4,203,CZE,Czech Rep,180632,0,WLD,World,2014,Gross Exports,57866.696
H4,208,DNK,Denmark,180632,0,WLD,World,2014,Gross Exports,22919.355
H4,214,DOM,Dominican Rp,180632,0,WLD,World,2014,Gross Exports,1425.514501
H4,218,ECU,Ecuador,180632,0,WLD,World,2014,Gross Exports,3087.858
H4,222,SLV,El Salvador,180632,0,WLD,World,2014,Gross Exports,1357.23163
H4,233,EST,Estonia,180632,0,WLD,World,2014,Gross Exports,2728.106
H4,246,FIN,Finland,180632,0,WLD,World,2014,Gross Exports,16325.751
H4,251,FRA,France+Monac,180632,0,WLD,World,2014,Gross Exports,211889.013
H4,268,GEO,Georgia,180632,0,WLD,World,2014,Gross Exports,230.31102
H4,276,DEU,Germany,180632,0,WLD,World,2014,Gross Exports,1171647.371
H4,288,GHA,Ghana,180632,0,WLD,World,2014,Gross Exports,9.152825579
H4,300,GRC,Greece,180632,0,WLD,World,2014,Gross Exports,4734.104
H4,320,GTM,Guatemala,180632,0,WLD,World,2014,Gross Exports,148.528
H4,344,HKG,Hong Kong,180632,0,WLD,World,2014,Gross Exports,12436.954
H4,348,HUN,Hungary,180632,0,WLD,World,2014,Gross Exports,7728.048
H4,352,ISL,Iceland,180632,0,WLD,World,2014,Gross Exports,312.37
H4,360,IDN,Indonesia,180632,0,WLD,World,2014,Gross Exports,7852.026
H4,364,IRN,Iran-Islam.R,180632,0,WLD,World,2014,Gross Exports,10.316
H4,372,IRL,Ireland,180632,0,WLD,World,2014,Gross Exports,130638.6321
H4,376,ISR,Israel,180632,0,WLD,World,2014,Gross Exports,267
H4,380,ITA,Italy,180632,0,WLD,World,2014,Gross Exports,71970.322
H4,388,JAM,Jamaica,180632,0,WLD,World,2014,Gross Exports,100.5206291
H4,392,JPN,Japan,180632,0,WLD,World,2014,Gross Exports,33388.947
H4,398,KAZ,Kazakhstan,180632,0,WLD,World,2014,Gross Exports,7139.714
H4,400,JOR,Jordan,180632,0,WLD,World,2014,Gross Exports,3203.147
H4,410,KOR,Korea Rep.,180632,0,WLD,World,2014,Gross Exports,2182.249
H4,414,KWT,Kuwait,180632,0,WLD,World,2014,Gross Exports,132.853
H4,422,LBN,Lebanon,180632,0,WLD,World,2014,Gross Exports,389.34
H4,428,LVA,Latvia,180632,0,WLD,World,2014,Gross Exports,4817.993122
H4,440,LTU,Lithuania,180632,0,WLD,World,2014,Gross Exports,28541.32
H4,442,LUX,Luxemberg,180632,0,WLD,World,2014,Gross Exports,400.337
H4,446,MAC,Macau,180632,0,WLD,World,2014,Gross Exports,145.0809131
H4,450,MDG,Madagascar,180632,0,WLD,World,2014,Gross Exports,1371.329229
H4,458,MYS,Malaysia,180632,0,WLD,World,2014,Gross Exports,12329.804
H4,480,MUS,Mauritius,180632,0,WLD,World,2014,Gross Exports,2.7
H4,484,MEX,Mexico,180632,0,WLD,World,2014,Gross Exports,120344.8
H4,490,OAS,Asia Othr.ns,180632,0,WLD,World,2014,Gross Exports,1473.541
H4,496,MNG,Mongolia,180632,0,WLD,World,2014,Gross Exports,14.185
H4,499,MNT,Montenegro,180632,0,WLD,World,2014,Gross Exports,0.01
H4,516,NAM,Namibia,180632,0,WLD,World,2014,Gross Exports,46.982
H4,528,NLD,Netherlands,180632,0,WLD,World,2014,Gross Exports,72665.30102
H4,540,NCL,New Calednia,180632,0,WLD,World,2014,Gross Exports,0.433
H4,554,NZL,New Zealand,180632,0,WLD,World,2014,Gross Exports,31985.77505
H4,558,NIC,Nicaragua,180632,0,WLD,World,2014,Gross Exports,2.739
H4,579,NOR,"Norway,Sb,JM",180632,0,WLD,World,2014,Gross Exports,5578.509
H4,591,PAN,Panama,180632,0,WLD,World,2014,Gross Exports,2179.663
H4,604,PER,Peru,180632,0,WLD,World,2014,Gross Exports,2457.67686
H4,616,POL,Poland,180632,0,WLD,World,2014,Gross Exports,206229.455
H4,620,PRT,Portugal,180632,0,WLD,World,2014,Gross Exports,4612.577
H4,642,ROM,Romania,180632,0,WLD,World,2014,Gross Exports,13533.587
H4,643,RUS,Russian Fed,180632,0,WLD,World,2014,Gross Exports,54588.539
H4,682,SAU,Saudi Arabia,180632,0,WLD,World,2014,Gross Exports,573.373
H4,688,SER,Yugoslavia,180632,0,WLD,World,2014,Gross Exports,17602.282
H4,699,IND,India,180632,0,WLD,World,2014,Gross Exports,549.526
H4,702,SGP,Singapore,180632,0,WLD,World,2014,Gross Exports,14890.03787
H4,703,SVK,Slovakia,180632,0,WLD,World,2014,Gross Exports,53021.71573
H4,704,VNM,Viet Nam,180632,0,WLD,World,2014,Gross Exports,4230.188
H4,705,SVN,Slovenia,180632,0,WLD,World,2014,Gross Exports,1418.951
H4,710,ZAF,South Africa,180632,0,WLD,World,2014,Gross Exports,5375.770399
H4,716,ZWE,Zimbabwe,180632,0,WLD,World,2014,Gross Exports,15.85397
H4,724,ESP,Spain,180632,0,WLD,World,2014,Gross Exports,136843.4512
H4,748,SWZ,Swaziland,180632,0,WLD,World,2014,Gross Exports,4.844593
H4,752,SWE,Sweden,180632,0,WLD,World,2014,Gross Exports,60310.872
H4,757,CHE,Switz.Liecht,180632,0,WLD,World,2014,Gross Exports,490096.0156
H4,764,THA,Thailand,180632,0,WLD,World,2014,Gross Exports,3165.197
H4,784,ARE,Untd Arab Em,180632,0,WLD,World,2014,Gross Exports,43537.20063
H4,788,TUN,Tunisia,180632,0,WLD,World,2014,Gross Exports,23448.528
H4,792,TUR,Turkey,180632,0,WLD,World,2014,Gross Exports,73811.673
H4,804,UKR,Ukraine,180632,0,WLD,World,2014,Gross Exports,46024.77
H4,807,MKD,TFYR Macedna,180632,0,WLD,World,2014,Gross Exports,277.554
H4,818,EGY,Egypt,180632,0,WLD,World,2014,Gross Exports,75256.41
H4,826,GBR,Untd.Kingdom,180632,0,WLD,World,2014,Gross Exports,139294.921
H4,842,USA,"USA,PR,USVI",180632,0,WLD,World,2014,Gross Exports,167733.163
H4,858,URY,Uruguay,180632,0,WLD,World,2014,Gross Exports,15.831
H4,887,YEM,Yemen,180632,0,WLD,World,2014,Gross Exports,0.017
H4,894,ZMB,Zambia,180632,0,WLD,World,2014,Gross Exports,138.137718
H4,12,DZA,Algeria,180631,0,WLD,World,2014,Gross Exports,0.416
H4,32,ARG,Argentina,180631,0,WLD,World,2014,Gross Exports,2328.13898
H4,36,AUS,Australia,180631,0,WLD,World,2014,Gross Exports,60549.944
H4,40,AUT,Austria,180631,0,WLD,World,2014,Gross Exports,180032.2492
H4,48,BHR,Bahrain,180631,0,WLD,World,2014,Gross Exports,316.804
H4,51,ARM,Armenia,180631,0,WLD,World,2014,Gross Exports,18.272
H4,56,BEL,Belgium,180631,0,WLD,World,2014,Gross Exports,99166.1385
H4,68,BOL,Bolivia,180631,0,WLD,World,2014,Gross Exports,6.90565
H4,70,BIH,Bosnia Herzg,180631,0,WLD,World,2014,Gross Exports,68.536
H4,72,BWA,Botswana,180631,0,WLD,World,2014,Gross Exports,0.070911644
H4,76,BRA,Brazil,180631,0,WLD,World,2014,Gross Exports,4817.296
H4,84,BLZ,Belize,180631,0,WLD,World,2014,Gross Exports,0.303
H4,96,BRN,Brunei Darsm,180631,0,WLD,World,2014,Gross Exports,6.137
H4,97,EUN,European Union,180631,0,WLD,World,2014,Gross Exports,860732.4686
H4,100,BGR,Bulgaria,180631,0,WLD,World,2014,Gross Exports,23490.268
H4,112,BLR,Belarus,180631,0,WLD,World,2014,Gross Exports,12425
H4,120,CMR,Cameroon,180631,0,WLD,World,2014,Gross Exports,3676.1
H4,124,CAN,Canada,180631,0,WLD,World,2014,Gross Exports,124125.171
H4,144,LKA,Sri Lanka,180631,0,WLD,World,2014,Gross Exports,2.149
H4,152,CHL,Chile,180631,0,WLD,World,2014,Gross Exports,1667.49144
H4,156,CHN,China,180631,0,WLD,World,2014,Gross Exports,31688.686
H4,170,COL,Colombia,180631,0,WLD,World,2014,Gross Exports,3864.655
H4,188,CRI,Costa Rica,180631,0,WLD,World,2014,Gross Exports,860.932
H4,191,HRV,Croatia,180631,0,WLD,World,2014,Gross Exports,17432.655
H4,203,CZE,Czech Rep,180631,0,WLD,World,2014,Gross Exports,56862.807
H4,208,DNK,Denmark,180631,0,WLD,World,2014,Gross Exports,36151.937
H4,214,DOM,Dominican Rp,180631,0,WLD,World,2014,Gross Exports,372.8266829
H4,218,ECU,Ecuador,180631,0,WLD,World,2014,Gross Exports,444.331
H4,222,SLV,El Salvador,180631,0,WLD,World,2014,Gross Exports,33.68839
H4,233,EST,Estonia,180631,0,WLD,World,2014,Gross Exports,1815.487
H4,246,FIN,Finland,180631,0,WLD,World,2014,Gross Exports,7922.887
H4,251,FRA,France+Monac,180631,0,WLD,World,2014,Gross Exports,117135.058
H4,258,PYF,Fr.Polynesia,180631,0,WLD,World,2014,Gross Exports,43.353
H4,268,GEO,Georgia,180631,0,WLD,World,2014,Gross Exports,113.62939
H4,276,DEU,Germany,180631,0,WLD,World,2014,Gross Exports,1176621.867
H4,288,GHA,Ghana,180631,0,WLD,World,2014,Gross Exports,43.09540178
H4,300,GRC,Greece,180631,0,WLD,World,2014,Gross Exports,3178.273
H4,308,GRD,Grenada,180631,0,WLD,World,2014,Gross Exports,2.6074048
H4,320,GTM,Guatemala,180631,0,WLD,World,2014,Gross Exports,69.532
H4,344,HKG,Hong Kong,180631,0,WLD,World,2014,Gross Exports,17704.535
H4,348,HUN,Hungary,180631,0,WLD,World,2014,Gross Exports,49126.385
H4,352,ISL,Iceland,180631,0,WLD,World,2014,Gross Exports,249.511
H4,360,IDN,Indonesia,180631,0,WLD,World,2014,Gross Exports,2549.016
H4,364,IRN,Iran-Islam.R,180631,0,WLD,World,2014,Gross Exports,1274.72582
H4,372,IRL,Ireland,180631,0,WLD,World,2014,Gross Exports,23262.29961
H4,376,ISR,Israel,180631,0,WLD,World,2014,Gross Exports,422
H4,380,ITA,Italy,180631,0,WLD,World,2014,Gross Exports,130317.673
H4,388,JAM,Jamaica,180631,0,WLD,World,2014,Gross Exports,0.020391193
H4,392,JPN,Japan,180631,0,WLD,World,2014,Gross Exports,23637.793
H4,398,KAZ,Kazakhstan,180631,0,WLD,World,2014,Gross Exports,4042.464
H4,400,JOR,Jordan,180631,0,WLD,World,2014,Gross Exports,531.475
H4,410,KOR,Korea Rep.,180631,0,WLD,World,2014,Gross Exports,4297.175
H4,414,KWT,Kuwait,180631,0,WLD,World,2014,Gross Exports,519.436
H4,422,LBN,Lebanon,180631,0,WLD,World,2014,Gross Exports,11409.14
H4,428,LVA,Latvia,180631,0,WLD,World,2014,Gross Exports,2981.507626
H4,440,LTU,Lithuania,180631,0,WLD,World,2014,Gross Exports,42983.231
H4,442,LUX,Luxemberg,180631,0,WLD,World,2014,Gross Exports,2038.543
H4,446,MAC,Macau,180631,0,WLD,World,2014,Gross Exports,99.39641367
H4,450,MDG,Madagascar,180631,0,WLD,World,2014,Gross Exports,9.101814
H4,458,MYS,Malaysia,180631,0,WLD,World,2014,Gross Exports,53203.928
H4,470,MLT,Malta,180631,0,WLD,World,2014,Gross Exports,348.922
H4,480,MUS,Mauritius,180631,0,WLD,World,2014,Gross Exports,39.778
H4,484,MEX,Mexico,180631,0,WLD,World,2014,Gross Exports,30082.646
H4,490,OAS,Asia Othr.ns,180631,0,WLD,World,2014,Gross Exports,2097.804
H4,496,MNG,Mongolia,180631,0,WLD,World,2014,Gross Exports,88.111
H4,499,MNT,Montenegro,180631,0,WLD,World,2014,Gross Exports,4783.04
H4,512,OMN,Oman,180631,0,WLD,World,2014,Gross Exports,35.994795
H4,516,NAM,Namibia,180631,0,WLD,World,2014,Gross Exports,2211.332
H4,528,NLD,Netherlands,180631,0,WLD,World,2014,Gross Exports,824762.3568
H4,533,ABW,Aruba,180631,0,WLD,World,2014,Gross Exports,7.208
H4,540,NCL,New Calednia,180631,0,WLD,World,2014,Gross Exports,1.236
H4,554,NZL,New Zealand,180631,0,WLD,World,2014,Gross Exports,18778.80334
H4,558,NIC,Nicaragua,180631,0,WLD,World,2014,Gross Exports,49.784
H4,579,NOR,"Norway,Sb,JM",180631,0,WLD,World,2014,Gross Exports,529.739
H4,591,PAN,Panama,180631,0,WLD,World,2014,Gross Exports,9074.875
H4,604,PER,Peru,180631,0,WLD,World,2014,Gross Exports,842.06829
H4,616,POL,Poland,180631,0,WLD,World,2014,Gross Exports,121346.244
H4,620,PRT,Portugal,180631,0,WLD,World,2014,Gross Exports,3516.213
H4,642,ROM,Romania,180631,0,WLD,World,2014,Gross Exports,5318.738
H4,643,RUS,Russian Fed,180631,0,WLD,World,2014,Gross Exports,216638.252
H4,682,SAU,Saudi Arabia,180631,0,WLD,World,2014,Gross Exports,9331.378
H4,688,SER,Yugoslavia,180631,0,WLD,World,2014,Gross Exports,5954.994
H4,699,IND,India,180631,0,WLD,World,2014,Gross Exports,1581.514
H4,702,SGP,Singapore,180631,0,WLD,World,2014,Gross Exports,37635.34342
H4,703,SVK,Slovakia,180631,0,WLD,World,2014,Gross Exports,45953.05817
H4,704,VNM,Viet Nam,180631,0,WLD,World,2014,Gross Exports,256.508
H4,705,SVN,Slovenia,180631,0,WLD,World,2014,Gross Exports,2131.566
H4,710,ZAF,South Africa,180631,0,WLD,World,2014,Gross Exports,15297.37307
H4,716,ZWE,Zimbabwe,180631,0,WLD,World,2014,Gross Exports,566.14126
H4,724,ESP,Spain,180631,0,WLD,World,2014,Gross Exports,67312.78577
H4,748,SWZ,Swaziland,180631,0,WLD,World,2014,Gross Exports,1655.631886
H4,752,SWE,Sweden,180631,0,WLD,World,2014,Gross Exports,48903.70067
H4,757,CHE,Switz.Liecht,180631,0,WLD,World,2014,Gross Exports,45015.25706
H4,764,THA,Thailand,180631,0,WLD,World,2014,Gross Exports,894.2
H4,784,ARE,Untd Arab Em,180631,0,WLD,World,2014,Gross Exports,233413.3862
H4,788,TUN,Tunisia,180631,0,WLD,World,2014,Gross Exports,1347.438
H4,792,TUR,Turkey,180631,0,WLD,World,2014,Gross Exports,64196.525
H4,800,UGA,Uganda,180631,0,WLD,World,2014,Gross Exports,63.746
H4,804,UKR,Ukraine,180631,0,WLD,World,2014,Gross Exports,7766.478
H4,807,MKD,TFYR Macedna,180631,0,WLD,World,2014,Gross Exports,147.094
H4,818,EGY,Egypt,180631,0,WLD,World,2014,Gross Exports,70471.341
H4,826,GBR,Untd.Kingdom,180631,0,WLD,World,2014,Gross Exports,85813.485
H4,834,TZA,Tanzania,180631,0,WLD,World,2014,Gross Exports,61.138
H4,842,USA,"USA,PR,USVI",180631,0,WLD,World,2014,Gross Exports,235504.751
H4,858,URY,Uruguay,180631,0,WLD,World,2014,Gross Exports,29.877
H4,882,WSM,Samoa,180631,0,WLD,World,2014,Gross Exports,4.067
H4,887,YEM,Yemen,180631,0,WLD,World,2014,Gross Exports,51.865
H4,894,ZMB,Zambia,180631,0,WLD,World,2014,Gross Exports,16.745418
H4,8,ALB,Albania,180632,0,WLD,World,2013,Gross Exports,36.65
H4,12,DZA,Algeria,180632,0,WLD,World,2013,Gross Exports,4.054
H4,31,AZE,Azerbaijan,180632,0,WLD,World,2013,Gross Exports,27.846
H4,32,ARG,Argentina,180632,0,WLD,World,2013,Gross Exports,8604.953
H4,36,AUS,Australia,180632,0,WLD,World,2013,Gross Exports,21293.367
H4,40,AUT,Austria,180632,0,WLD,World,2013,Gross Exports,171258.6621
H4,48,BHR,Bahrain,180632,0,WLD,World,2013,Gross Exports,67.039
H4,51,ARM,Armenia,180632,0,WLD,World,2013,Gross Exports,60.215
H4,56,BEL,Belgium,180632,0,WLD,World,2013,Gross Exports,279982.3818
H4,68,BOL,Bolivia,180632,0,WLD,World,2013,Gross Exports,49.70664
H4,70,BIH,Bosnia Herzg,180632,0,WLD,World,2013,Gross Exports,5269.47
H4,76,BRA,Brazil,180632,0,WLD,World,2013,Gross Exports,29265.38
H4,96,BRN,Brunei Darsm,180632,0,WLD,World,2013,Gross Exports,0.64
H4,97,EUN,European Union,180632,0,WLD,World,2013,Gross Exports,591560.9208
H4,100,BGR,Bulgaria,180632,0,WLD,World,2013,Gross Exports,35804.927
H4,112,BLR,Belarus,180632,0,WLD,World,2013,Gross Exports,12661.8
H4,120,CMR,Cameroon,180632,0,WLD,World,2013,Gross Exports,1346.599
H4,124,CAN,Canada,180632,0,WLD,World,2013,Gross Exports,142378.424
H4,144,LKA,Sri Lanka,180632,0,WLD,World,2013,Gross Exports,0.123
H4,152,CHL,Chile,180632,0,WLD,World,2013,Gross Exports,5874.52246
H4,156,CHN,China,180632,0,WLD,World,2013,Gross Exports,23046.873
H4,170,COL,Colombia,180632,0,WLD,World,2013,Gross Exports,7813.354
H4,188,CRI,Costa Rica,180632,0,WLD,World,2013,Gross Exports,1787.341
H4,191,HRV,Croatia,180632,0,WLD,World,2013,Gross Exports,25746.494
H4,196,CYP,Cyprus,180632,0,WLD,World,2013,Gross Exports,67.382067
H4,203,CZE,Czech Rep,180632,0,WLD,World,2013,Gross Exports,53750.172
H4,208,DNK,Denmark,180632,0,WLD,World,2013,Gross Exports,28481.349
H4,214,DOM,Dominican Rp,180632,0,WLD,World,2013,Gross Exports,943.15
H4,218,ECU,Ecuador,180632,0,WLD,World,2013,Gross Exports,830.054
H4,222,SLV,El Salvador,180632,0,WLD,World,2013,Gross Exports,1427.62132
H4,233,EST,Estonia,180632,0,WLD,World,2013,Gross Exports,2375.351
H4,246,FIN,Finland,180632,0,WLD,World,2013,Gross Exports,14302.815
H4,251,FRA,France+Monac,180632,0,WLD,World,2013,Gross Exports,201290.984
H4,258,PYF,Fr.Polynesia,180632,0,WLD,World,2013,Gross Exports,0.151
H4,268,GEO,Georgia,180632,0,WLD,World,2013,Gross Exports,15.94
H4,276,DEU,Germany,180632,0,WLD,World,2013,Gross Exports,1066774.962
H4,288,GHA,Ghana,180632,0,WLD,World,2013,Gross Exports,3.732
H4,300,GRC,Greece,180632,0,WLD,World,2013,Gross Exports,4400.345
H4,320,GTM,Guatemala,180632,0,WLD,World,2013,Gross Exports,211.419
H4,344,HKG,Hong Kong,180632,0,WLD,World,2013,Gross Exports,11123.572
H4,348,HUN,Hungary,180632,0,WLD,World,2013,Gross Exports,5175.818
H4,352,ISL,Iceland,180632,0,WLD,World,2013,Gross Exports,505.136
H4,360,IDN,Indonesia,180632,0,WLD,World,2013,Gross Exports,5401.876
H4,372,IRL,Ireland,180632,0,WLD,World,2013,Gross Exports,101892.0309
H4,376,ISR,Israel,180632,0,WLD,World,2013,Gross Exports,544
H4,380,ITA,Italy,180632,0,WLD,World,2013,Gross Exports,71783.544
H4,392,JPN,Japan,180632,0,WLD,World,2013,Gross Exports,26074.738
H4,398,KAZ,Kazakhstan,180632,0,WLD,World,2013,Gross Exports,9195.342
H4,400,JOR,Jordan,180632,0,WLD,World,2013,Gross Exports,2451.484
H4,410,KOR,Korea Rep.,180632,0,WLD,World,2013,Gross Exports,2157.296
H4,414,KWT,Kuwait,180632,0,WLD,World,2013,Gross Exports,140.427
H4,422,LBN,Lebanon,180632,0,WLD,World,2013,Gross Exports,696.106
H4,428,LVA,Latvia,180632,0,WLD,World,2013,Gross Exports,6387.286
H4,440,LTU,Lithuania,180632,0,WLD,World,2013,Gross Exports,28172.048
H4,442,LUX,Luxemberg,180632,0,WLD,World,2013,Gross Exports,375.852
H4,446,MAC,Macau,180632,0,WLD,World,2013,Gross Exports,276.8416938
H4,450,MDG,Madagascar,180632,0,WLD,World,2013,Gross Exports,675.839898
H4,458,MYS,Malaysia,180632,0,WLD,World,2013,Gross Exports,6219.331
H4,480,MUS,Mauritius,180632,0,WLD,World,2013,Gross Exports,0.921
H4,484,MEX,Mexico,180632,0,WLD,World,2013,Gross Exports,112667.586
H4,490,OAS,Asia Othr.ns,180632,0,WLD,World,2013,Gross Exports,2423.165
H4,496,MNG,Mongolia,180632,0,WLD,World,2013,Gross Exports,101.031
H4,499,MNT,Montenegro,180632,0,WLD,World,2013,Gross Exports,25.509
H4,516,NAM,Namibia,180632,0,WLD,World,2013,Gross Exports,5.632
H4,528,NLD,Netherlands,180632,0,WLD,World,2013,Gross Exports,77838.12327
H4,554,NZL,New Zealand,180632,0,WLD,World,2013,Gross Exports,24114.5183
H4,579,NOR,"Norway,Sb,JM",180632,0,WLD,World,2013,Gross Exports,6399.795
H4,591,PAN,Panama,180632,0,WLD,World,2013,Gross Exports,1878.796
H4,600,PRY,Paraguay,180632,0,WLD,World,2013,Gross Exports,9.63
H4,604,PER,Peru,180632,0,WLD,World,2013,Gross Exports,1973.63815
H4,616,POL,Poland,180632,0,WLD,World,2013,Gross Exports,181241.213
H4,620,PRT,Portugal,180632,0,WLD,World,2013,Gross Exports,4359.444
H4,642,ROM,Romania,180632,0,WLD,World,2013,Gross Exports,8494.243
H4,643,RUS,Russian Fed,180632,0,WLD,World,2013,Gross Exports,68229.732
H4,682,SAU,Saudi Arabia,180632,0,WLD,World,2013,Gross Exports,219.734
H4,688,SER,Yugoslavia,180632,0,WLD,World,2013,Gross Exports,19090.518
H4,699,IND,India,180632,0,WLD,World,2013,Gross Exports,229.093
H4,702,SGP,Singapore,180632,0,WLD,World,2013,Gross Exports,12198.40254
H4,703,SVK,Slovakia,180632,0,WLD,World,2013,Gross Exports,42876.73573
H4,704,VNM,Viet Nam,180632,0,WLD,World,2013,Gross Exports,3381.648
H4,705,SVN,Slovenia,180632,0,WLD,World,2013,Gross Exports,1602.021
H4,710,ZAF,South Africa,180632,0,WLD,World,2013,Gross Exports,4366.72643
H4,724,ESP,Spain,180632,0,WLD,World,2013,Gross Exports,131342.7541
H4,748,SWZ,Swaziland,180632,0,WLD,World,2013,Gross Exports,3.980244287
H4,752,SWE,Sweden,180632,0,WLD,World,2013,Gross Exports,56926.42157
H4,757,CHE,Switz.Liecht,180632,0,WLD,World,2013,Gross Exports,465427.6436
H4,764,THA,Thailand,180632,0,WLD,World,2013,Gross Exports,2420.925
H4,784,ARE,Untd Arab Em,180632,0,WLD,World,2013,Gross Exports,50236.49284
H4,788,TUN,Tunisia,180632,0,WLD,World,2013,Gross Exports,27752.188
H4,792,TUR,Turkey,180632,0,WLD,World,2013,Gross Exports,84998.365
H4,800,UGA,Uganda,180632,0,WLD,World,2013,Gross Exports,14.655
H4,807,MKD,TFYR Macedna,180632,0,WLD,World,2013,Gross Exports,208.461
H4,826,GBR,Untd.Kingdom,180632,0,WLD,World,2013,Gross Exports,123206.912
H4,834,TZA,Tanzania,180632,0,WLD,World,2013,Gross Exports,0.1
H4,842,USA,"USA,PR,USVI",180632,0,WLD,World,2013,Gross Exports,165226.12
H4,858,URY,Uruguay,180632,0,WLD,World,2013,Gross Exports,97.776
H4,882,WSM,Samoa,180632,0,WLD,World,2013,Gross Exports,0.125
H4,894,ZMB,Zambia,180632,0,WLD,World,2013,Gross Exports,17277.94658
H4,8,ALB,Albania,180631,0,WLD,World,2013,Gross Exports,51.662
H4,32,ARG,Argentina,180631,0,WLD,World,2013,Gross Exports,705.744
H4,36,AUS,Australia,180631,0,WLD,World,2013,Gross Exports,55767.089
H4,40,AUT,Austria,180631,0,WLD,World,2013,Gross Exports,188258.8242
H4,48,BHR,Bahrain,180631,0,WLD,World,2013,Gross Exports,34.334
H4,51,ARM,Armenia,180631,0,WLD,World,2013,Gross Exports,8.03
H4,56,BEL,Belgium,180631,0,WLD,World,2013,Gross Exports,110184.9282
H4,68,BOL,Bolivia,180631,0,WLD,World,2013,Gross Exports,0.72
H4,70,BIH,Bosnia Herzg,180631,0,WLD,World,2013,Gross Exports,6.542
H4,76,BRA,Brazil,180631,0,WLD,World,2013,Gross Exports,7531.526
H4,96,BRN,Brunei Darsm,180631,0,WLD,World,2013,Gross Exports,1.159
H4,97,EUN,European Union,180631,0,WLD,World,2013,Gross Exports,809282.4593
H4,100,BGR,Bulgaria,180631,0,WLD,World,2013,Gross Exports,23778.742
H4,112,BLR,Belarus,180631,0,WLD,World,2013,Gross Exports,9319.8
H4,120,CMR,Cameroon,180631,0,WLD,World,2013,Gross Exports,2615.282
H4,124,CAN,Canada,180631,0,WLD,World,2013,Gross Exports,132066.312
H4,144,LKA,Sri Lanka,180631,0,WLD,World,2013,Gross Exports,2.814
H4,152,CHL,Chile,180631,0,WLD,World,2013,Gross Exports,1958.72211
H4,156,CHN,China,180631,0,WLD,World,2013,Gross Exports,28044.269
H4,170,COL,Colombia,180631,0,WLD,World,2013,Gross Exports,2691.803
H4,188,CRI,Costa Rica,180631,0,WLD,World,2013,Gross Exports,970.48
H4,191,HRV,Croatia,180631,0,WLD,World,2013,Gross Exports,13266.712
H4,196,CYP,Cyprus,180631,0,WLD,World,2013,Gross Exports,1.272337
H4,203,CZE,Czech Rep,180631,0,WLD,World,2013,Gross Exports,52158.729
H4,208,DNK,Denmark,180631,0,WLD,World,2013,Gross Exports,42177.63
H4,214,DOM,Dominican Rp,180631,0,WLD,World,2013,Gross Exports,172.607
H4,218,ECU,Ecuador,180631,0,WLD,World,2013,Gross Exports,639.654
H4,222,SLV,El Salvador,180631,0,WLD,World,2013,Gross Exports,33.35376
H4,233,EST,Estonia,180631,0,WLD,World,2013,Gross Exports,2504.169
H4,246,FIN,Finland,180631,0,WLD,World,2013,Gross Exports,9264.056
H4,251,FRA,France+Monac,180631,0,WLD,World,2013,Gross Exports,101767.122
H4,258,PYF,Fr.Polynesia,180631,0,WLD,World,2013,Gross Exports,45.415
H4,268,GEO,Georgia,180631,0,WLD,World,2013,Gross Exports,112
H4,276,DEU,Germany,180631,0,WLD,World,2013,Gross Exports,1039697.453
H4,288,GHA,Ghana,180631,0,WLD,World,2013,Gross Exports,0.161
H4,300,GRC,Greece,180631,0,WLD,World,2013,Gross Exports,4539.258
H4,320,GTM,Guatemala,180631,0,WLD,World,2013,Gross Exports,186.868
H4,344,HKG,Hong Kong,180631,0,WLD,World,2013,Gross Exports,16324.158
H4,348,HUN,Hungary,180631,0,WLD,World,2013,Gross Exports,57878.622
H4,352,ISL,Iceland,180631,0,WLD,World,2013,Gross Exports,108.984
H4,360,IDN,Indonesia,180631,0,WLD,World,2013,Gross Exports,1612.414
H4,364,IRN,Iran-Islam.R,180631,0,WLD,World,2013,Gross Exports,33.776
H4,372,IRL,Ireland,180631,0,WLD,World,2013,Gross Exports,29471.93982
H4,376,ISR,Israel,180631,0,WLD,World,2013,Gross Exports,2371
H4,380,ITA,Italy,180631,0,WLD,World,2013,Gross Exports,127614.159
H4,392,JPN,Japan,180631,0,WLD,World,2013,Gross Exports,15254.996
H4,398,KAZ,Kazakhstan,180631,0,WLD,World,2013,Gross Exports,2686.089
H4,400,JOR,Jordan,180631,0,WLD,World,2013,Gross Exports,504.547
H4,410,KOR,Korea Rep.,180631,0,WLD,World,2013,Gross Exports,5633.474
H4,414,KWT,Kuwait,180631,0,WLD,World,2013,Gross Exports,57.659
H4,422,LBN,Lebanon,180631,0,WLD,World,2013,Gross Exports,9576.051
H4,428,LVA,Latvia,180631,0,WLD,World,2013,Gross Exports,2942.26
H4,440,LTU,Lithuania,180631,0,WLD,World,2013,Gross Exports,37917.361
H4,442,LUX,Luxemberg,180631,0,WLD,World,2013,Gross Exports,2036.581
H4,446,MAC,Macau,180631,0,WLD,World,2013,Gross Exports,45.5515541
H4,450,MDG,Madagascar,180631,0,WLD,World,2013,Gross Exports,21.119399
H4,458,MYS,Malaysia,180631,0,WLD,World,2013,Gross Exports,74691.772
H4,470,MLT,Malta,180631,0,WLD,World,2013,Gross Exports,1614.751
H4,480,MUS,Mauritius,180631,0,WLD,World,2013,Gross Exports,43.47
H4,484,MEX,Mexico,180631,0,WLD,World,2013,Gross Exports,28178.268
H4,490,OAS,Asia Othr.ns,180631,0,WLD,World,2013,Gross Exports,1721.481
H4,496,MNG,Mongolia,180631,0,WLD,World,2013,Gross Exports,0.913
H4,499,MNT,Montenegro,180631,0,WLD,World,2013,Gross Exports,4261.141
H4,512,OMN,Oman,180631,0,WLD,World,2013,Gross Exports,80.564
H4,516,NAM,Namibia,180631,0,WLD,World,2013,Gross Exports,2947.602
H4,524,NPL,Nepal,180631,0,WLD,World,2013,Gross Exports,0.134
H4,528,NLD,Netherlands,180631,0,WLD,World,2013,Gross Exports,763996.9116
H4,554,NZL,New Zealand,180631,0,WLD,World,2013,Gross Exports,11735.59312
H4,579,NOR,"Norway,Sb,JM",180631,0,WLD,World,2013,Gross Exports,1071.878
H4,591,PAN,Panama,180631,0,WLD,World,2013,Gross Exports,8101.233
H4,604,PER,Peru,180631,0,WLD,World,2013,Gross Exports,1352.65046
H4,616,POL,Poland,180631,0,WLD,World,2013,Gross Exports,128399.916
H4,620,PRT,Portugal,180631,0,WLD,World,2013,Gross Exports,2393.108
H4,642,ROM,Romania,180631,0,WLD,World,2013,Gross Exports,4373.045
H4,643,RUS,Russian Fed,180631,0,WLD,World,2013,Gross Exports,202959.299
H4,682,SAU,Saudi Arabia,180631,0,WLD,World,2013,Gross Exports,1242.935
H4,688,SER,Yugoslavia,180631,0,WLD,World,2013,Gross Exports,6338.039
H4,699,IND,India,180631,0,WLD,World,2013,Gross Exports,758.262
H4,702,SGP,Singapore,180631,0,WLD,World,2013,Gross Exports,45581.28943
H4,703,SVK,Slovakia,180631,0,WLD,World,2013,Gross Exports,45918.61736
H4,704,VNM,Viet Nam,180631,0,WLD,World,2013,Gross Exports,123.569
H4,705,SVN,Slovenia,180631,0,WLD,World,2013,Gross Exports,2931.067
H4,710,ZAF,South Africa,180631,0,WLD,World,2013,Gross Exports,12723.00014
H4,716,ZWE,Zimbabwe,180631,0,WLD,World,2013,Gross Exports,454.36088
H4,724,ESP,Spain,180631,0,WLD,World,2013,Gross Exports,58144.8353
H4,748,SWZ,Swaziland,180631,0,WLD,World,2013,Gross Exports,143.2502079
H4,752,SWE,Sweden,180631,0,WLD,World,2013,Gross Exports,48106.10845
H4,757,CHE,Switz.Liecht,180631,0,WLD,World,2013,Gross Exports,47484.42831
H4,764,THA,Thailand,180631,0,WLD,World,2013,Gross Exports,896.303
H4,784,ARE,Untd Arab Em,180631,0,WLD,World,2013,Gross Exports,251608.0774
H4,788,TUN,Tunisia,180631,0,WLD,World,2013,Gross Exports,946.332
H4,792,TUR,Turkey,180631,0,WLD,World,2013,Gross Exports,62610.131
H4,800,UGA,Uganda,180631,0,WLD,World,2013,Gross Exports,117.278
H4,807,MKD,TFYR Macedna,180631,0,WLD,World,2013,Gross Exports,96.244
H4,826,GBR,Untd.Kingdom,180631,0,WLD,World,2013,Gross Exports,82146.54
H4,834,TZA,Tanzania,180631,0,WLD,World,2013,Gross Exports,105.59
H4,842,USA,"USA,PR,USVI",180631,0,WLD,World,2013,Gross Exports,247837.222
H4,858,URY,Uruguay,180631,0,WLD,World,2013,Gross Exports,8.725
H4,894,ZMB,Zambia,180631,0,WLD,World,2013,Gross Exports,28.434132
